snapshot_id,subtrack,date,rho_raw,psi_raw,omega_raw,rho_hat,psi_hat,omega_hat,S,Sbar_w,Pi,alert_level,computed_status
2026-08-17T214722Z,C-US,2025-10-07,,,,,,,,,,,unavailable_fill_limit
2026-08-17T214722Z,C-US,2025-10-08,,,18790.7228,,,,,,,,unavailable_fill_limit
2026-08-17T214722Z,C-US,2025-10-09,,,18790.7228,,,,,,,,unavailable_fill_limit
2026-08-17T214722Z,C-US,2025-10-10,,,18790.7228,,,,,,,,unavailable_fill_limit
2026-08-17T214722Z,C-US,2025-10-13,,,18790.7228,,,,,,,,unavailable_fill_limit
2026-08-17T214722Z,C-US,2025-10-14,0.009999999999999787,,18790.7228,,,,,,,,unavailable_fill_limit
2026-08-17T214722Z,C-US,2025-10-15,0.0,0.08999999999999986,18825.805,0.0,0.4500000000000009,0.992981615946473,0.0,,,,ok
2026-08-17T214722Z,C-US,2025-10-16,0.010000000000000675,0.029999999999999805,18825.805,0.0400000000000027,0.14999999999999955,0.992981615946473,0.005957889695679223,,,,ok
2026-08-17T214722Z,C-US,2025-10-17,0.010000000000000675,0.020000000000000018,18825.805,0.0400000000000027,0.10000000000000045,0.992981615946473,0.0039719264637861785,,,,ok
2026-08-17T214722Z,C-US,2025-10-20,0.010000000000000675,0.009999999999999787,18825.805,0.0400000000000027,0.049999999999999115,0.992981615946473,0.001985963231893045,,,,ok
2026-08-17T214722Z,C-US,2025-10-21,0.010000000000000675,0.020000000000000462,18825.805,0.0400000000000027,0.10000000000000267,0.992981615946473,0.003971926463786266,,,,ok
2026-08-17T214722Z,C-US,2025-10-22,0.010000000000000675,0.03000000000000025,18850.2802,0.0400000000000027,0.15000000000000177,0.9942725792623373,0.005965635475574496,,,,ok
2026-08-17T214722Z,C-US,2025-10-23,0.0,0.08000000000000007,18850.2802,0.0,0.4000000000000018,0.9942725792623373,0.0,,,,ok
2026-08-17T214722Z,C-US,2025-10-24,0.0,0.08999999999999986,18850.2802,0.0,0.4500000000000009,0.9942725792623373,0.0,,,,ok
2026-08-17T214722Z,C-US,2025-10-27,0.009999999999999787,0.10000000000000009,18850.2802,0.03999999999999915,0.5000000000000022,0.9942725792623373,0.019885451585246412,,,,ok
2026-08-17T214722Z,C-US,2025-10-28,0.009999999999999787,,18850.2802,,,,,,,,unavailable_fill_limit
2026-08-17T214722Z,C-US,2025-10-29,0.009999999999999787,,18839.5528,,,,,,,,unavailable_fill_limit
2026-08-17T214722Z,C-US,2025-10-30,0.2400000000000002,,18839.5528,,,,,,,,unavailable_fill_limit
2026-08-17T214722Z,C-US,2025-10-31,0.25000000000000044,,18839.5528,,,,,,,,unavailable_fill_limit
2026-08-17T214722Z,C-US,2025-11-03,0.25,0.16000000000000014,18839.5528,1.0,0.8000000000000036,0.993706754269095,0.7949654034152797,,,,ok
2026-08-17T214722Z,C-US,2025-11-04,0.25,,18839.5528,,,,,,,,unavailable_fill_limit
2026-08-17T214722Z,C-US,2025-11-05,0.25,,18867.5677,,,,,,,,unavailable_fill_limit
2026-08-17T214722Z,C-US,2025-11-06,0.0,,18867.5677,,,,,,,,unavailable_fill_limit
2026-08-17T214722Z,C-US,2025-11-07,0.010000000000000231,,18867.5677,,,,,,,,unavailable_fill_limit
2026-08-17T214722Z,C-US,2025-11-10,0.0,0.029999999999999805,18867.5677,0.0,0.14999999999999955,0.9951844217936752,0.0,,,,ok
2026-08-17T214722Z,C-US,2025-11-11,0.0,0.009999999999999787,18867.5677,0.0,0.049999999999999115,0.9951844217936752,0.0,,,,ok
2026-08-17T214722Z,C-US,2025-11-12,0.0,0.009999999999999787,18896.3289,0.0,0.049999999999999115,0.9967014534878078,0.0,,,,ok
2026-08-17T214722Z,C-US,2025-11-13,0.009999999999999787,0.06000000000000005,18896.3289,0.03999999999999915,0.3000000000000013,0.9967014534878078,0.011960417441853492,,,,ok
2026-08-17T214722Z,C-US,2025-11-14,0.009999999999999787,0.06999999999999984,18896.3289,0.03999999999999915,0.3500000000000004,0.9967014534878078,0.01395382034882903,,,,ok
2026-08-17T214722Z,C-US,2025-11-17,0.009999999999999787,0.010000000000000231,18896.3289,0.03999999999999915,0.050000000000001335,0.9967014534878078,0.0019934029069756266,,,,ok
2026-08-17T214722Z,C-US,2025-11-18,0.009999999999999787,0.050000000000000266,18896.3289,0.03999999999999915,0.2500000000000022,0.9967014534878078,0.009967014534877954,,,,ok
2026-08-17T214722Z,C-US,2025-11-19,0.009999999999999787,0.050000000000000266,18922.6195,0.03999999999999915,0.2500000000000022,0.998088171477939,0.009980881714779266,,,,ok
2026-08-17T214722Z,C-US,2025-11-20,0.0,0.03000000000000025,18922.6195,0.0,0.15000000000000177,0.998088171477939,0.0,,,,ok
2026-08-17T214722Z,C-US,2025-11-21,0.0,0.10999999999999988,18922.6195,0.0,0.5500000000000014,0.998088171477939,0.0,,,,ok
2026-08-17T214722Z,C-US,2025-11-24,0.0,0.03000000000000025,18922.6195,0.0,0.15000000000000177,0.998088171477939,0.0,,,,ok
2026-08-17T214722Z,C-US,2025-11-25,0.0,0.03999999999999959,18922.6195,0.0,0.19999999999999868,0.998088171477939,0.0,,,,ok
2026-08-17T214722Z,C-US,2025-11-26,0.0,0.029999999999999805,18937.5671,0.0,0.14999999999999955,0.9988765941776601,0.0,,,,ok
2026-08-17T214722Z,C-US,2025-11-27,0.0,0.040000000000000036,18937.5671,0.0,0.2000000000000009,0.9988765941776601,0.0,,,,ok
2026-08-17T214722Z,C-US,2025-11-28,0.010000000000000231,0.009999999999999787,18937.5671,0.040000000000000924,0.049999999999999115,0.9988765941776601,0.001997753188355331,,,,ok
2026-08-17T214722Z,C-US,2025-12-01,0.010000000000000231,0.0900000000000003,18937.5671,0.040000000000000924,0.4500000000000031,0.9988765941776601,0.01797977869519842,,,,ok
2026-08-17T214722Z,C-US,2025-12-02,0.010000000000000231,0.050000000000000266,18937.5671,0.040000000000000924,0.2500000000000022,0.9988765941776601,0.00998876594177692,,,,ok
2026-08-17T214722Z,C-US,2025-12-03,0.010000000000000231,0.10999999999999943,18910.5396,0.040000000000000924,0.5499999999999992,0.997451007828232,0.02194392217222158,,,,ok
2026-08-17T214722Z,C-US,2025-12-04,0.010000000000000231,0.06999999999999984,18910.5396,0.040000000000000924,0.3500000000000004,0.997451007828232,0.013964314109595588,,,,ok
2026-08-17T214722Z,C-US,2025-12-05,0.0,0.020000000000000018,18910.5396,0.0,0.10000000000000045,0.997451007828232,0.0,,,,ok
2026-08-17T214722Z,C-US,2025-12-08,0.0,0.03000000000000025,18910.5396,0.0,0.15000000000000177,0.997451007828232,0.0,,,,ok
2026-08-17T214722Z,C-US,2025-12-09,0.0,0.16999999999999993,18910.5396,0.0,0.8500000000000026,0.997451007828232,0.0,,,,ok
2026-08-17T214722Z,C-US,2025-12-10,0.0,0.07999999999999963,18927.9173,0.0,0.3999999999999996,0.9983676080281935,0.0,,,,ok
2026-08-17T214722Z,C-US,2025-12-11,0.25,0.020000000000000018,18927.9173,1.0,0.10000000000000045,0.9983676080281935,0.0998367608028198,,,,ok
2026-08-17T214722Z,C-US,2025-12-12,0.25,0.08000000000000007,18927.9173,1.0,0.4000000000000018,0.9983676080281935,0.3993470432112792,,,,ok
2026-08-17T214722Z,C-US,2025-12-15,0.25,0.050000000000000266,18927.9173,1.0,0.2500000000000022,0.9983676080281935,0.2495919020070506,,,,ok
2026-08-17T214722Z,C-US,2025-12-16,0.25,0.20999999999999996,18927.9173,1.0,1.0500000000000036,0.9983676080281935,1.0482859884296067,,,,ok
2026-08-17T214722Z,C-US,2025-12-17,0.25,0.08000000000000007,18943.6448,1.0,0.4000000000000018,0.9991971671554019,0.39967886686216253,,,,ok
2026-08-17T214722Z,C-US,2025-12-18,0.0,0.03000000000000025,18943.6448,0.0,0.15000000000000177,0.9991971671554019,0.0,,,,ok
2026-08-17T214722Z,C-US,2025-12-19,0.0,0.020000000000000018,18943.6448,0.0,0.10000000000000045,0.9991971671554019,0.0,,,,ok
2026-08-17T214722Z,C-US,2025-12-22,0.0,0.020000000000000018,18943.6448,0.0,0.10000000000000045,0.9991971671554019,0.0,,,,ok
2026-08-17T214722Z,C-US,2025-12-23,0.0,0.1499999999999999,18943.6448,0.0,0.7500000000000022,0.9991971671554019,0.0,,,,ok
2026-08-17T214722Z,C-US,2025-12-24,0.0,0.020000000000000018,18968.8631,0.0,0.10000000000000045,1.0005273258543486,0.0,,,,ok
2026-08-17T214722Z,C-US,2025-12-25,0.0,0.11000000000000032,18968.8631,0.0,0.5500000000000036,1.0005273258543486,0.0,,,,ok
2026-08-17T214722Z,C-US,2025-12-26,0.0,0.06000000000000005,18968.8631,0.0,0.3000000000000013,1.0005273258543486,0.0,,,,ok
2026-08-17T214722Z,C-US,2025-12-29,0.0,,18968.8631,,,,,,,,unavailable_fill_limit
2026-08-17T214722Z,C-US,2025-12-30,0.0,0.050000000000000266,18968.8631,0.0,0.2500000000000022,1.0005273258543486,0.0,,,,ok
2026-08-17T214722Z,C-US,2025-12-31,0.0,0.07000000000000028,18963.9392,0.0,0.35000000000000264,1.0002676109481994,0.0,,,,ok
2026-08-17T214722Z,C-US,2026-01-01,0.0,0.07000000000000028,18963.9392,0.0,0.35000000000000264,1.0002676109481994,0.0,,,,ok
2026-08-17T214722Z,C-US,2026-01-02,0.0,0.06000000000000005,18963.9392,0.0,0.3000000000000013,1.0002676109481994,0.0,,,,ok
2026-08-17T214722Z,C-US,2026-01-05,0.0,,18963.9392,,,,,,,,unavailable_fill_limit
2026-08-17T214722Z,C-US,2026-01-06,0.0,0.020000000000000018,18963.9392,0.0,0.10000000000000045,1.0002676109481994,0.0,,,,ok
2026-08-17T214722Z,C-US,2026-01-07,0.0,0.010000000000000231,19021.2756,0.0,0.050000000000001335,1.0032918636228951,0.0,,,,ok
2026-08-17T214722Z,C-US,2026-01-08,0.0,0.010000000000000231,19021.2756,0.0,0.050000000000001335,1.0032918636228951,0.0,,,,ok
2026-08-17T214722Z,C-US,2026-01-09,0.0,0.040000000000000036,19021.2756,0.0,0.2000000000000009,1.0032918636228951,0.0,,,,ok
2026-08-17T214722Z,C-US,2026-01-12,0.0,,19021.2756,,,,,,,,unavailable_fill_limit
2026-08-17T214722Z,C-US,2026-01-13,0.0,0.1200000000000001,19021.2756,0.0,0.6000000000000026,1.0032918636228951,0.0,,,,ok
2026-08-17T214722Z,C-US,2026-01-14,0.0,0.10999999999999988,19069.8281,0.0,0.5500000000000014,1.0058528027119933,0.0,,,,ok
2026-08-17T214722Z,C-US,2026-01-15,0.0,0.020000000000000018,19069.8281,0.0,0.10000000000000045,1.0058528027119933,0.0,,,,ok
2026-08-17T214722Z,C-US,2026-01-16,0.0,0.020000000000000018,19069.8281,0.0,0.10000000000000045,1.0058528027119933,0.0,,,,ok
2026-08-17T214722Z,C-US,2026-01-19,0.0,0.020000000000000018,19069.8281,0.0,0.10000000000000045,1.0058528027119933,0.0,,,,ok
2026-08-17T214722Z,C-US,2026-01-20,0.0,0.06999999999999984,19069.8281,0.0,0.3500000000000004,1.0058528027119933,0.0,,,,ok
2026-08-17T214722Z,C-US,2026-01-21,0.0,0.020000000000000018,19129.9479,0.0,0.10000000000000045,1.009023867968134,0.0,,,,ok
2026-08-17T214722Z,C-US,2026-01-22,0.0,0.03000000000000025,19129.9479,0.0,0.15000000000000177,1.009023867968134,0.0,,,,ok
2026-08-17T214722Z,C-US,2026-01-23,0.0,0.020000000000000018,19129.9479,0.0,0.10000000000000045,1.009023867968134,0.0,,,,ok
2026-08-17T214722Z,C-US,2026-01-26,0.0,0.1200000000000001,19129.9479,0.0,0.6000000000000026,1.009023867968134,0.0,,,,ok
2026-08-17T214722Z,C-US,2026-01-27,0.0,0.0900000000000003,19129.9479,0.0,0.4500000000000031,1.009023867968134,0.0,,,,ok
2026-08-17T214722Z,C-US,2026-01-28,0.0,0.08999999999999986,19144.9932,0.0,0.4500000000000009,1.0098174439297676,0.0,,,,ok
2026-08-17T214722Z,C-US,2026-01-29,0.0,0.010000000000000231,19144.9932,0.0,0.050000000000001335,1.0098174439297676,0.0,,,,ok
2026-08-17T214722Z,C-US,2026-01-30,0.0,0.009999999999999787,19144.9932,0.0,0.049999999999999115,1.0098174439297676,0.0,,,,ok
2026-08-17T214722Z,C-US,2026-02-02,0.0,0.08999999999999986,19144.9932,0.0,0.4500000000000009,1.0098174439297676,0.0,,,,ok
2026-08-17T214722Z,C-US,2026-02-03,0.0,,19144.9932,,,,,,,,unavailable_fill_limit
2026-08-17T214722Z,C-US,2026-02-04,0.0,0.06000000000000005,19184.4415,0.0,0.3000000000000013,1.0118981749625358,0.0,,,,ok
2026-08-17T214722Z,C-US,2026-02-05,0.0,0.03000000000000025,19184.4415,0.0,0.15000000000000177,1.0118981749625358,0.0,,,,ok
2026-08-17T214722Z,C-US,2026-02-06,0.0,0.06000000000000005,19184.4415,0.0,0.3000000000000013,1.0118981749625358,0.0,,,,ok
2026-08-17T214722Z,C-US,2026-02-09,0.0,0.06000000000000005,19184.4415,0.0,0.3000000000000013,1.0118981749625358,0.0,,,,ok
2026-08-17T214722Z,C-US,2026-02-10,0.0,,19184.4415,,,,,,,,unavailable_fill_limit
2026-08-17T214722Z,C-US,2026-02-11,0.0,0.010000000000000231,19240.8893,0.0,0.050000000000001335,1.014875557744341,0.0,,,,ok
2026-08-17T214722Z,C-US,2026-02-12,0.0,0.10000000000000009,19240.8893,0.0,0.5000000000000022,1.014875557744341,0.0,,,,ok
2026-08-17T214722Z,C-US,2026-02-13,0.0,0.03000000000000025,19240.8893,0.0,0.15000000000000177,1.014875557744341,0.0,,,,ok
2026-08-17T214722Z,C-US,2026-02-16,0.0,0.06999999999999984,19240.8893,0.0,0.3500000000000004,1.014875557744341,0.0,,,,ok
2026-08-17T214722Z,C-US,2026-02-17,0.0,0.010000000000000231,19240.8893,0.0,0.050000000000001335,1.014875557744341,0.0,,,,ok
2026-08-17T214722Z,C-US,2026-02-18,0.0,0.020000000000000018,19265.798,0.0,0.10000000000000045,1.0161893863523142,0.0,,,,ok
2026-08-17T214722Z,C-US,2026-02-19,0.0,,19265.798,,,,,,,,unavailable_fill_limit
2026-08-17T214722Z,C-US,2026-02-20,0.0,,19265.798,,,,,,,,unavailable_fill_limit
2026-08-17T214722Z,C-US,2026-02-23,0.0,,19265.798,,,,,,,,unavailable_fill_limit
2026-08-17T214722Z,C-US,2026-02-24,0.0,,19265.798,,,,,,,,unavailable_fill_limit
2026-08-17T214722Z,C-US,2026-02-25,0.0,0.009999999999999787,19269.6435,0.0,0.049999999999999115,1.0163922202180702,0.0,,,,ok
2026-08-17T214722Z,C-US,2026-02-26,0.0,,19269.6435,,,,,,,,unavailable_fill_limit
2026-08-17T214722Z,C-US,2026-02-27,0.0,,19269.6435,,,,,,,,unavailable_fill_limit
2026-08-17T214722Z,C-US,2026-03-02,0.0,,19269.6435,,,,,,,,unavailable_fill_limit
2026-08-17T214722Z,C-US,2026-03-03,0.0,,19269.6435,,,,,,,,unavailable_fill_limit
2026-08-17T214722Z,C-US,2026-03-04,0.0,0.0,19309.7665,0.0,0.0,1.0185085388231245,0.0,,,,ok
2026-08-17T214722Z,C-US,2026-03-05,0.0,0.020000000000000018,19309.7665,0.0,0.10000000000000045,1.0185085388231245,0.0,,,,ok
2026-08-17T214722Z,C-US,2026-03-06,0.0,0.050000000000000266,19309.7665,0.0,0.2500000000000022,1.0185085388231245,0.0,,,,ok
2026-08-17T214722Z,C-US,2026-03-09,0.0,0.0,19309.7665,0.0,0.0,1.0185085388231245,0.0,,,,ok
2026-08-17T214722Z,C-US,2026-03-10,0.0,0.010000000000000231,19309.7665,0.0,0.050000000000001335,1.0185085388231245,0.0,,,,ok
2026-08-17T214722Z,C-US,2026-03-11,0.0,0.010000000000000231,19343.613,0.0,0.050000000000001335,1.0202937985909875,0.0,,,,ok
2026-08-17T214722Z,C-US,2026-03-12,0.0,0.03000000000000025,19343.613,0.0,0.15000000000000177,1.0202937985909875,0.0,,,,ok
2026-08-17T214722Z,C-US,2026-03-13,0.0,0.020000000000000462,19343.613,0.0,0.10000000000000267,1.0202937985909875,0.0,,,,ok
2026-08-17T214722Z,C-US,2026-03-16,0.0,0.06999999999999984,19343.613,0.0,0.3500000000000004,1.0202937985909875,0.0,,,,ok
2026-08-17T214722Z,C-US,2026-03-17,0.0,0.040000000000000036,19343.613,0.0,0.2000000000000009,1.0202937985909875,0.0,,,,ok
2026-08-17T214722Z,C-US,2026-03-18,0.0,0.03000000000000025,19355.0741,0.0,0.15000000000000177,1.0208983231570565,0.0,0.03496860920776253,,none,ok
2026-08-17T214722Z,C-US,2026-03-19,0.0,0.03000000000000025,19355.0741,0.0,0.15000000000000177,1.0208983231570565,0.0,0.03496860920776253,,none,ok
2026-08-17T214722Z,C-US,2026-03-20,0.0,0.040000000000000036,19355.0741,0.0,0.2000000000000009,1.0208983231570565,0.0,0.03490241043336609,,none,ok
2026-08-17T214722Z,C-US,2026-03-23,0.0,0.10999999999999988,19355.0741,0.0,0.5500000000000014,1.0208983231570565,0.0,0.0348582779171018,,none,ok
2026-08-17T214722Z,C-US,2026-03-24,0.0,0.020000000000000018,19355.0741,0.0,0.10000000000000045,1.0208983231570565,0.0,0.034836211658969655,,none,ok
2026-08-17T214722Z,C-US,2026-03-25,0.0,0.10000000000000009,19382.1562,0.0,0.5000000000000022,1.022326789425629,0.0,0.03479207914270536,,none,ok
2026-08-17T214722Z,C-US,2026-03-26,0.0,0.10000000000000009,19382.1562,0.0,0.5000000000000022,1.022326789425629,0.0,0.03472579430408786,,none,ok
2026-08-17T214722Z,C-US,2026-03-27,0.0,0.11999999999999966,19382.1562,0.0,0.6000000000000004,1.022326789425629,0.0,0.03472579430408786,,none,ok
2026-08-17T214722Z,C-US,2026-03-30,0.0,,19382.1562,,,,,,,,unavailable_fill_limit
2026-08-17T214722Z,C-US,2026-03-31,0.0,,19382.1562,,,,,,,,unavailable_fill_limit
2026-08-17T214722Z,C-US,2026-04-01,0.0,0.1499999999999999,19419.1177,0.0,0.7500000000000022,1.024276352272891,0.0,0.03472579430408786,,none,ok
2026-08-17T214722Z,C-US,2026-04-02,0.0,0.020000000000000018,19419.1177,0.0,0.10000000000000045,1.024276352272891,0.0,0.03450484484202957,,none,ok
2026-08-17T214722Z,C-US,2026-04-03,0.0,0.040000000000000036,19419.1177,0.0,0.2000000000000009,1.024276352272891,0.0,0.025671895915193133,,none,ok
2026-08-17T214722Z,C-US,2026-04-06,0.0,,19419.1177,,,,,,,,unavailable_fill_limit
2026-08-17T214722Z,C-US,2026-04-07,0.0,,19419.1177,,,,,,,,unavailable_fill_limit
2026-08-17T214722Z,C-US,2026-04-08,0.0,0.1599999999999997,19447.111,0.0,0.8000000000000014,1.0257528804887988,0.0,0.025671895915193133,,none,ok
2026-08-17T214722Z,C-US,2026-04-09,0.0,0.009999999999999787,19447.111,0.0,0.049999999999999115,1.0257528804887988,0.0,0.025671895915193133,,none,ok
2026-08-17T214722Z,C-US,2026-04-10,0.0,0.020000000000000018,19447.111,0.0,0.10000000000000045,1.0257528804887988,0.0,0.025671895915193133,,none,ok
2026-08-17T214722Z,C-US,2026-04-13,0.0,0.010000000000000231,19447.111,0.0,0.050000000000001335,1.0257528804887988,0.0,0.025539002388061425,,none,ok
2026-08-17T214722Z,C-US,2026-04-14,0.0,0.07999999999999963,19447.111,0.0,0.3999999999999996,1.0257528804887988,0.0,0.025383959939741105,,none,ok
2026-08-17T214722Z,C-US,2026-04-15,0.0,0.0699999999999994,19464.7091,0.0,0.3499999999999982,1.026681105856882,0.0,0.025361811018552484,,none,ok
2026-08-17T214722Z,C-US,2026-04-16,0.0,0.040000000000000036,19464.7091,0.0,0.2000000000000009,1.026681105856882,0.0,0.025251066412609397,,none,ok
2026-08-17T214722Z,C-US,2026-04-17,0.0,4.440892098500626e-16,19464.7091,0.0,2.220446049250321e-15,1.026681105856882,0.0,0.02514016772688963,,none,ok
2026-08-17T214722Z,C-US,2026-04-20,0.0,0.010000000000000231,19464.7091,0.0,0.050000000000001335,1.026681105856882,0.0,0.02514016772688963,,none,ok
2026-08-17T214722Z,C-US,2026-04-21,0.0,0.08999999999999986,19464.7091,0.0,0.4500000000000009,1.026681105856882,0.0,0.02514016772688963,,none,ok
2026-08-17T214722Z,C-US,2026-04-22,0.0,0.08999999999999986,19456.3444,0.0,0.4500000000000009,1.0262399032988556,0.0,0.02514016772688963,,none,ok
2026-08-17T214722Z,C-US,2026-04-23,0.0,0.040000000000000036,19456.3444,0.0,0.2000000000000009,1.0262399032988556,0.0,0.02514016772688963,,none,ok
2026-08-17T214722Z,C-US,2026-04-24,0.0,4.440892098500626e-16,19456.3444,0.0,2.220446049250321e-15,1.0262399032988556,0.0,0.02514016772688963,,none,ok
2026-08-17T214722Z,C-US,2026-04-27,0.0,0.1200000000000001,19456.3444,0.0,0.6000000000000026,1.0262399032988556,0.0,0.02514016772688963,,none,ok
2026-08-17T214722Z,C-US,2026-04-28,0.0,0.10000000000000009,19456.3444,0.0,0.5000000000000022,1.0262399032988556,0.0,0.025117970469241236,,none,ok
2026-08-17T214722Z,C-US,2026-04-29,0.0,0.10000000000000009,19462.6862,0.0,0.5000000000000022,1.0265744064349505,0.0,0.0249181951504057,,none,ok
2026-08-17T214722Z,C-US,2026-04-30,0.0,0.0900000000000003,19462.6862,0.0,0.4500000000000031,1.0265744064349505,0.0,0.02480720886216373,,none,ok
2026-08-17T214722Z,C-US,2026-05-01,0.0,0.03000000000000025,19462.6862,0.0,0.15000000000000177,1.0265744064349505,0.0,0.024563387504694605,,none,ok
2026-08-17T214722Z,C-US,2026-05-04,0.0,0.08999999999999986,19462.6862,0.0,0.4500000000000009,1.0265744064349505,0.0,0.024408228459032427,,none,ok
2026-08-17T214722Z,C-US,2026-05-05,0.0,0.08999999999999986,19462.6862,0.0,0.4500000000000009,1.0265744064349505,0.0,0.024408228459032427,,none,ok
2026-08-17T214722Z,C-US,2026-05-06,0.0,0.1299999999999999,19495.702,0.0,0.6500000000000018,1.0283158502901144,0.0,0.024408228459032427,,none,ok
2026-08-17T214722Z,C-US,2026-05-07,0.010000000000000231,0.16000000000000014,19495.702,0.040000000000000924,0.8000000000000036,1.0283158502901144,0.032906107209284566,0.024773851872468923,,none,ok
2026-08-17T214722Z,C-US,2026-05-08,0.010000000000000231,0.0900000000000003,19495.702,0.040000000000000924,0.4500000000000031,1.0283158502901144,0.018509685305222616,0.024979515042526955,,none,ok
2026-08-17T214722Z,C-US,2026-05-11,0.010000000000000231,0.06000000000000005,19495.702,0.040000000000000924,0.3000000000000013,1.0283158502901144,0.012339790203481712,0.024007326480312088,,none,ok
2026-08-17T214722Z,C-US,2026-05-12,0.010000000000000231,0.06000000000000005,19495.702,0.040000000000000924,0.3000000000000013,1.0283158502901144,0.012339790203481712,0.01970724589133656,,none,ok
2026-08-17T214722Z,C-US,2026-05-13,0.010000000000000231,0.03000000000000025,19531.7992,0.040000000000000924,0.15000000000000177,1.0302198249667427,0.006181318949800672,0.01700268385736712,,none,ok
2026-08-17T214722Z,C-US,2026-05-14,0.0,0.06000000000000005,19531.7992,0.0,0.3000000000000013,1.0302198249667427,0.0,0.00535506176370482,,none,ok
2026-08-17T214722Z,C-US,2026-05-15,0.0,0.050000000000000266,19531.7992,0.0,0.2500000000000022,1.0302198249667427,0.0,0.0009141854652363475,,none,ok
2026-08-17T214722Z,C-US,2026-05-18,0.0,0.06000000000000005,19531.7992,0.0,0.3000000000000013,1.0302198249667427,0.0,0.0009141854652363475,,none,ok
2026-08-17T214722Z,C-US,2026-05-19,0.009999999999999787,,19531.7992,,,,,,,,unavailable_fill_limit
2026-08-17T214722Z,C-US,2026-05-20,0.009999999999999787,,19561.7794,,,,,,,,unavailable_fill_limit
2026-08-17T214722Z,C-US,2026-05-21,0.009999999999999787,0.020000000000000018,19561.7794,0.03999999999999915,0.10000000000000045,1.0318011537567944,0.004127204615027108,0.0009600432942922043,,none,ok
2026-08-17T214722Z,C-US,2026-05-22,0.009999999999999787,0.040000000000000036,19561.7794,0.03999999999999915,0.2000000000000009,1.0318011537567944,0.008254409230054216,0.0010517589524039177,,none,ok
2026-08-17T214722Z,C-US,2026-05-25,0.009999999999999787,0.040000000000000036,19561.7794,0.03999999999999915,0.2000000000000009,1.0318011537567944,0.008254409230054216,0.0011434746105156313,,none,ok
2026-08-17T214722Z,C-US,2026-05-26,0.0,,19561.7794,,,,,,,,unavailable_fill_limit
2026-08-17T214722Z,C-US,2026-05-27,0.0,,19579.1835,,,,,,,,unavailable_fill_limit
2026-08-17T214722Z,C-US,2026-05-28,0.0,0.040000000000000036,19579.1835,0.0,0.2000000000000009,1.0327191464451333,0.0,0.0011434746105156313,,none,ok
2026-08-17T214722Z,C-US,2026-05-29,0.0,0.020000000000000018,19579.1835,0.0,0.10000000000000045,1.0327191464451333,0.0,0.0011434746105156313,,none,ok
2026-08-17T214722Z,C-US,2026-06-01,0.0,0.08999999999999986,19579.1835,0.0,0.4500000000000009,1.0327191464451333,0.0,0.0011434746105156313,,none,ok
2026-08-17T214722Z,C-US,2026-06-02,0.0,0.07999999999999963,19579.1835,0.0,0.3999999999999996,1.0327191464451333,0.0,0.0011434746105156313,,none,ok
2026-08-17T214722Z,C-US,2026-06-03,0.0,0.06000000000000005,19568.312,0.0,0.3000000000000013,1.0321457207861635,0.0,0.0011434746105156313,,none,ok
2026-08-17T214722Z,C-US,2026-06-04,0.0,0.040000000000000036,19568.312,0.0,0.2000000000000009,1.0321457207861635,0.0,0.0011434746105156313,,none,ok
2026-08-17T214722Z,C-US,2026-06-05,0.0,0.029999999999999805,19568.312,0.0,0.14999999999999955,1.0321457207861635,0.0,0.0011434746105156313,,none,ok
2026-08-17T214722Z,C-US,2026-06-08,0.0,0.07000000000000028,19568.312,0.0,0.35000000000000264,1.0321457207861635,0.0,0.0011434746105156313,,none,ok
2026-08-17T214722Z,C-US,2026-06-09,0.0,0.0600000000000005,19568.312,0.0,0.30000000000000354,1.0321457207861635,0.0,0.0011434746105156313,,none,ok
2026-08-17T214722Z,C-US,2026-06-10,0.0,0.010000000000000231,19622.7614,0.0,0.050000000000001335,1.035017696417448,0.0,0.0011434746105156313,,none,ok
2026-08-17T214722Z,C-US,2026-06-11,0.0,0.029999999999999805,19622.7614,0.0,0.14999999999999955,1.035017696417448,0.0,0.0011434746105156313,,none,ok
2026-08-17T214722Z,C-US,2026-06-12,0.0,0.019999999999999574,19622.7614,0.0,0.09999999999999823,1.035017696417448,0.0,0.0011434746105156313,,none,ok
2026-08-17T214722Z,C-US,2026-06-15,0.009999999999999787,0.11999999999999966,19622.7614,0.03999999999999915,0.6000000000000004,1.035017696417448,0.02484042471401824,0.0014194793295602786,,none,ok
2026-08-17T214722Z,C-US,2026-06-16,0.009999999999999787,0.10999999999999988,19622.7614,0.03999999999999915,0.5500000000000014,1.035017696417448,0.02277038932118343,0.0016724836553512054,,none,ok
2026-08-17T214722Z,C-US,2026-06-17,0.009999999999999787,4.440892098500626e-16,19626.7061,0.03999999999999915,2.220446049250321e-15,1.0352257626637744,9.194651819155518e-17,0.0016724836553512065,,none,ok
2026-08-17T214722Z,C-US,2026-06-18,0.009999999999999787,0.040000000000000036,19626.7061,0.03999999999999915,0.2000000000000009,1.0352257626637744,0.008281806101310055,0.0017645037231435404,,none,ok
2026-08-17T214722Z,C-US,2026-06-19,0.009999999999999787,0.040000000000000036,19626.7061,0.03999999999999915,0.2000000000000009,1.0352257626637744,0.008281806101310055,0.0018565237909358742,,none,ok
2026-08-17T214722Z,C-US,2026-06-22,0.0,0.020000000000000018,19626.7061,0.0,0.10000000000000045,1.0352257626637744,0.0,0.0018565237909358742,,none,ok
2026-08-17T214722Z,C-US,2026-06-23,0.0,0.0,19626.7061,0.0,0.0,1.0352257626637744,0.0,0.0018565237909358742,,none,ok
2026-08-17T214722Z,C-US,2026-06-24,0.0,0.040000000000000036,19652.293,0.0,0.2000000000000009,1.0365753634542354,0.0,0.0018565237909358742,,none,ok
2026-08-17T214722Z,C-US,2026-06-25,0.0,0.040000000000000036,19652.293,0.0,0.2000000000000009,1.0365753634542354,0.0,0.0018565237909358742,,none,ok
2026-08-17T214722Z,C-US,2026-06-26,0.0,0.029999999999999805,19652.293,0.0,0.14999999999999955,1.0365753634542354,0.0,0.0018565237909358742,,none,ok
2026-08-17T214722Z,C-US,2026-06-29,0.0,0.040000000000000036,19652.293,0.0,0.2000000000000009,1.0365753634542354,0.0,0.0018565237909358742,,none,ok
2026-08-17T214722Z,C-US,2026-06-30,0.0,0.07000000000000028,19652.293,0.0,0.35000000000000264,1.0365753634542354,0.0,0.0018565237909358742,,none,ok
2026-08-17T214722Z,C-US,2026-07-01,0.0,0.0600000000000005,19618.749,0.0,0.30000000000000354,1.0348060592823654,0.0,0.0018565237909358742,,none,ok
2026-08-17T214722Z,C-US,2026-07-02,0.0,0.029999999999999805,19618.749,0.0,0.14999999999999955,1.0348060592823654,0.0,0.0018565237909358742,,none,ok
2026-08-17T214722Z,C-US,2026-07-03,0.0,0.019999999999999574,19618.749,0.0,0.09999999999999823,1.0348060592823654,0.0,0.0018565237909358742,,none,ok
2026-08-17T214722Z,C-US,2026-07-06,0.0,0.040000000000000036,19618.749,0.0,0.2000000000000009,1.0348060592823654,0.0,0.0018565237909358742,,none,ok
2026-08-17T214722Z,C-US,2026-07-07,0.0,0.16000000000000014,19618.749,0.0,0.8000000000000036,1.0348060592823654,0.0,0.0018565237909358742,,none,ok
2026-08-17T214722Z,C-US,2026-07-08,0.009999999999999787,0.11000000000000032,19648.7706,0.03999999999999915,0.5500000000000036,1.0363895717473728,0.022800570578441866,0.0021098634640296728,,none,ok
2026-08-17T214722Z,C-US,2026-07-09,0.009999999999999787,0.04999999999999982,19648.7706,0.03999999999999915,0.25,1.0363895717473728,0.010363895717473507,0.0022250178608904897,,none,ok
2026-08-17T214722Z,C-US,2026-07-10,0.009999999999999787,0.06999999999999984,19648.7706,0.03999999999999915,0.3500000000000004,1.0363895717473728,0.014509454004462928,0.002386234016495633,,none,ok
2026-08-17T214722Z,C-US,2026-07-13,0.009999999999999787,0.020000000000000462,19648.7706,0.03999999999999915,0.10000000000000267,1.0363895717473728,0.0041455582869895135,0.0024322957752399613,,none,ok
2026-08-17T214722Z,C-US,2026-07-14,0.0,,19648.7706,,,,,,,,unavailable_fill_limit
2026-08-17T214722Z,C-US,2026-07-15,0.009999999999999787,,19746.792,,,,,,,,unavailable_fill_limit
2026-08-17T214722Z,C-US,2026-07-16,0.009999999999999787,0.10999999999999988,19746.792,0.03999999999999915,0.5500000000000014,1.0415597861509183,0.02291431529531977,0.002686899278521292,,none,ok
2026-08-17T214722Z,C-US,2026-07-17,0.009999999999999787,0.029999999999999805,19746.792,0.03999999999999915,0.14999999999999955,1.0415597861509183,0.006249358716905358,0.002756336597598018,,none,ok
2026-08-17T214722Z,C-US,2026-07-20,0.009999999999999787,0.010000000000000231,19746.792,0.03999999999999915,0.050000000000001335,1.0415597861509183,0.002083119572301848,0.002779482370623594,,none,ok
2026-08-17T214722Z,C-US,2026-07-21,0.0,,19746.792,,,,,,,,unavailable_fill_limit
2026-08-17T214722Z,C-US,2026-07-22,0.0,,19726.1668,,,,,,,,unavailable_fill_limit
2026-08-17T214722Z,C-US,2026-07-23,0.0,0.21999999999999975,19726.1668,0.0,1.1000000000000028,1.0404718940567836,0.0,0.002779482370623594,,none,ok
2026-08-17T214722Z,C-US,2026-07-24,0.0,0.06000000000000005,19726.1668,0.0,0.3000000000000013,1.0404718940567836,0.0,0.002779482370623594,,none,ok
2026-08-17T214722Z,C-US,2026-07-27,0.0,0.010000000000000231,19726.1668,0.0,0.050000000000001335,1.0404718940567836,0.0,0.002779482370623594,,none,ok
2026-08-17T214722Z,C-US,2026-07-28,0.0,0.029999999999999805,19726.1668,0.0,0.14999999999999955,1.0404718940567836,0.0,0.002779482370623594,,none,ok
2026-08-17T214722Z,C-US,2026-07-29,0.0,0.16999999999999993,19760.5311,0.0,0.8500000000000026,1.042284465585325,0.0,0.002779482370623594,,none,ok
2026-08-17T214722Z,C-US,2026-07-30,0.0,0.18999999999999995,19760.5311,0.0,0.9500000000000031,1.042284465585325,0.0,0.002779482370623594,,none,ok
2026-08-17T214722Z,C-US,2026-07-31,0.0,0.18999999999999995,19760.5311,0.0,0.9500000000000031,1.042284465585325,0.0,0.002779482370623594,,none,ok
2026-08-17T214722Z,C-US,2026-08-03,0.0,0.08999999999999986,19760.5311,0.0,0.4500000000000009,1.042284465585325,0.0,0.002779482370623594,0.0,none,ok
2026-08-17T214722Z,C-US,2026-08-04,0.0,,19760.5311,,,,,,,,unavailable_fill_limit
2026-08-17T214722Z,C-US,2026-08-05,0.0,0.06999999999999984,19780.8113,0.0,0.3500000000000004,1.0433541603881615,0.0,0.002779482370623594,0.0,none,ok
2026-08-17T214722Z,C-US,2026-08-06,0.0,0.10000000000000009,19780.8113,0.0,0.5000000000000022,1.0433541603881615,0.0,0.002779482370623594,0.0,none,ok
2026-08-17T214722Z,C-US,2026-08-07,0.0,0.07000000000000028,19780.8113,0.0,0.35000000000000264,1.0433541603881615,0.0,0.002779482370623594,0.0,none,ok
2026-08-17T214722Z,C-US,2026-08-10,0.0,0.029999999999999805,19780.8113,0.0,0.14999999999999955,1.0433541603881615,0.0,0.002779482370623594,0.0,none,ok
2026-08-17T214722Z,C-US,2026-08-11,0.0,,19780.8113,,,,,,,,unavailable_fill_limit
2026-08-17T214722Z,C-US,2026-08-12,0.0,0.050000000000000266,19780.8113,0.0,0.2500000000000022,1.0433541603881615,0.0,0.002779482370623594,0.0,none,ok
2026-08-17T214722Z,C-US,2026-08-13,0.0,0.009999999999999787,19780.8113,0.0,0.049999999999999115,1.0433541603881615,0.0,0.002779482370623594,0.0,none,ok
2026-08-17T214722Z,C-US,2026-08-14,0.0,0.009999999999999787,19780.8113,0.0,0.049999999999999115,1.0433541603881615,0.0,0.002779482370623594,0.0,none,ok
