snapshot_id,subtrack,provider,series_id,observation_date,realtime_start,realtime_end,value,unit,fetch_status,fetched_at_utc
2026-07-16T222746Z,C-US,FRED,DFF,2025-09-19,2026-07-16,2026-07-16,4.08,%,ok,2026-07-16T22:27:45.516284+00:00
2026-07-16T222746Z,C-US,FRED,DFF,2025-09-20,2026-07-16,2026-07-16,4.08,%,ok,2026-07-16T22:27:45.516284+00:00
2026-07-16T222746Z,C-US,FRED,DFF,2025-09-21,2026-07-16,2026-07-16,4.08,%,ok,2026-07-16T22:27:45.516284+00:00
2026-07-16T222746Z,C-US,FRED,DFF,2025-09-22,2026-07-16,2026-07-16,4.09,%,ok,2026-07-16T22:27:45.516284+00:00
2026-07-16T222746Z,C-US,FRED,DFF,2025-09-23,2026-07-16,2026-07-16,4.09,%,ok,2026-07-16T22:27:45.516284+00:00
2026-07-16T222746Z,C-US,FRED,DFF,2025-09-24,2026-07-16,2026-07-16,4.09,%,ok,2026-07-16T22:27:45.516284+00:00
2026-07-16T222746Z,C-US,FRED,DFF,2025-09-25,2026-07-16,2026-07-16,4.09,%,ok,2026-07-16T22:27:45.516284+00:00
2026-07-16T222746Z,C-US,FRED,DFF,2025-09-26,2026-07-16,2026-07-16,4.09,%,ok,2026-07-16T22:27:45.516284+00:00
2026-07-16T222746Z,C-US,FRED,DFF,2025-09-27,2026-07-16,2026-07-16,4.09,%,ok,2026-07-16T22:27:45.516284+00:00
2026-07-16T222746Z,C-US,FRED,DFF,2025-09-28,2026-07-16,2026-07-16,4.09,%,ok,2026-07-16T22:27:45.516284+00:00
2026-07-16T222746Z,C-US,FRED,DFF,2025-09-29,2026-07-16,2026-07-16,4.09,%,ok,2026-07-16T22:27:45.516284+00:00
2026-07-16T222746Z,C-US,FRED,DFF,2025-09-30,2026-07-16,2026-07-16,4.09,%,ok,2026-07-16T22:27:45.516284+00:00
2026-07-16T222746Z,C-US,FRED,DFF,2025-10-01,2026-07-16,2026-07-16,4.09,%,ok,2026-07-16T22:27:45.516284+00:00
2026-07-16T222746Z,C-US,FRED,DFF,2025-10-02,2026-07-16,2026-07-16,4.09,%,ok,2026-07-16T22:27:45.516284+00:00
2026-07-16T222746Z,C-US,FRED,DFF,2025-10-03,2026-07-16,2026-07-16,4.09,%,ok,2026-07-16T22:27:45.516284+00:00
2026-07-16T222746Z,C-US,FRED,DFF,2025-10-04,2026-07-16,2026-07-16,4.09,%,ok,2026-07-16T22:27:45.516284+00:00
2026-07-16T222746Z,C-US,FRED,DFF,2025-10-05,2026-07-16,2026-07-16,4.09,%,ok,2026-07-16T22:27:45.516284+00:00
2026-07-16T222746Z,C-US,FRED,DFF,2025-10-06,2026-07-16,2026-07-16,4.09,%,ok,2026-07-16T22:27:45.516284+00:00
2026-07-16T222746Z,C-US,FRED,DFF,2025-10-07,2026-07-16,2026-07-16,4.09,%,ok,2026-07-16T22:27:45.516284+00:00
2026-07-16T222746Z,C-US,FRED,DFF,2025-10-08,2026-07-16,2026-07-16,4.1,%,ok,2026-07-16T22:27:45.516284+00:00
2026-07-16T222746Z,C-US,FRED,DFF,2025-10-09,2026-07-16,2026-07-16,4.1,%,ok,2026-07-16T22:27:45.516284+00:00
2026-07-16T222746Z,C-US,FRED,DFF,2025-10-10,2026-07-16,2026-07-16,4.1,%,ok,2026-07-16T22:27:45.516284+00:00
2026-07-16T222746Z,C-US,FRED,DFF,2025-10-11,2026-07-16,2026-07-16,4.1,%,ok,2026-07-16T22:27:45.516284+00:00
2026-07-16T222746Z,C-US,FRED,DFF,2025-10-12,2026-07-16,2026-07-16,4.1,%,ok,2026-07-16T22:27:45.516284+00:00
2026-07-16T222746Z,C-US,FRED,DFF,2025-10-13,2026-07-16,2026-07-16,4.1,%,ok,2026-07-16T22:27:45.516284+00:00
2026-07-16T222746Z,C-US,FRED,DFF,2025-10-14,2026-07-16,2026-07-16,4.1,%,ok,2026-07-16T22:27:45.516284+00:00
2026-07-16T222746Z,C-US,FRED,DFF,2025-10-15,2026-07-16,2026-07-16,4.1,%,ok,2026-07-16T22:27:45.516284+00:00
2026-07-16T222746Z,C-US,FRED,DFF,2025-10-16,2026-07-16,2026-07-16,4.11,%,ok,2026-07-16T22:27:45.516284+00:00
2026-07-16T222746Z,C-US,FRED,DFF,2025-10-17,2026-07-16,2026-07-16,4.11,%,ok,2026-07-16T22:27:45.516284+00:00
2026-07-16T222746Z,C-US,FRED,DFF,2025-10-18,2026-07-16,2026-07-16,4.11,%,ok,2026-07-16T22:27:45.516284+00:00
2026-07-16T222746Z,C-US,FRED,DFF,2025-10-19,2026-07-16,2026-07-16,4.11,%,ok,2026-07-16T22:27:45.516284+00:00
2026-07-16T222746Z,C-US,FRED,DFF,2025-10-20,2026-07-16,2026-07-16,4.11,%,ok,2026-07-16T22:27:45.516284+00:00
2026-07-16T222746Z,C-US,FRED,DFF,2025-10-21,2026-07-16,2026-07-16,4.11,%,ok,2026-07-16T22:27:45.516284+00:00
2026-07-16T222746Z,C-US,FRED,DFF,2025-10-22,2026-07-16,2026-07-16,4.11,%,ok,2026-07-16T22:27:45.516284+00:00
2026-07-16T222746Z,C-US,FRED,DFF,2025-10-23,2026-07-16,2026-07-16,4.11,%,ok,2026-07-16T22:27:45.516284+00:00
2026-07-16T222746Z,C-US,FRED,DFF,2025-10-24,2026-07-16,2026-07-16,4.11,%,ok,2026-07-16T22:27:45.516284+00:00
2026-07-16T222746Z,C-US,FRED,DFF,2025-10-25,2026-07-16,2026-07-16,4.11,%,ok,2026-07-16T22:27:45.516284+00:00
2026-07-16T222746Z,C-US,FRED,DFF,2025-10-26,2026-07-16,2026-07-16,4.11,%,ok,2026-07-16T22:27:45.516284+00:00
2026-07-16T222746Z,C-US,FRED,DFF,2025-10-27,2026-07-16,2026-07-16,4.12,%,ok,2026-07-16T22:27:45.516284+00:00
2026-07-16T222746Z,C-US,FRED,DFF,2025-10-28,2026-07-16,2026-07-16,4.12,%,ok,2026-07-16T22:27:45.516284+00:00
2026-07-16T222746Z,C-US,FRED,DFF,2025-10-29,2026-07-16,2026-07-16,4.12,%,ok,2026-07-16T22:27:45.516284+00:00
2026-07-16T222746Z,C-US,FRED,DFF,2025-10-30,2026-07-16,2026-07-16,3.87,%,ok,2026-07-16T22:27:45.516284+00:00
2026-07-16T222746Z,C-US,FRED,DFF,2025-10-31,2026-07-16,2026-07-16,3.86,%,ok,2026-07-16T22:27:45.516284+00:00
2026-07-16T222746Z,C-US,FRED,DFF,2025-11-01,2026-07-16,2026-07-16,3.86,%,ok,2026-07-16T22:27:45.516284+00:00
2026-07-16T222746Z,C-US,FRED,DFF,2025-11-02,2026-07-16,2026-07-16,3.86,%,ok,2026-07-16T22:27:45.516284+00:00
2026-07-16T222746Z,C-US,FRED,DFF,2025-11-03,2026-07-16,2026-07-16,3.87,%,ok,2026-07-16T22:27:45.516284+00:00
2026-07-16T222746Z,C-US,FRED,DFF,2025-11-04,2026-07-16,2026-07-16,3.87,%,ok,2026-07-16T22:27:45.516284+00:00
2026-07-16T222746Z,C-US,FRED,DFF,2025-11-05,2026-07-16,2026-07-16,3.87,%,ok,2026-07-16T22:27:45.516284+00:00
2026-07-16T222746Z,C-US,FRED,DFF,2025-11-06,2026-07-16,2026-07-16,3.87,%,ok,2026-07-16T22:27:45.516284+00:00
2026-07-16T222746Z,C-US,FRED,DFF,2025-11-07,2026-07-16,2026-07-16,3.87,%,ok,2026-07-16T22:27:45.516284+00:00
2026-07-16T222746Z,C-US,FRED,DFF,2025-11-08,2026-07-16,2026-07-16,3.87,%,ok,2026-07-16T22:27:45.516284+00:00
2026-07-16T222746Z,C-US,FRED,DFF,2025-11-09,2026-07-16,2026-07-16,3.87,%,ok,2026-07-16T22:27:45.516284+00:00
2026-07-16T222746Z,C-US,FRED,DFF,2025-11-10,2026-07-16,2026-07-16,3.87,%,ok,2026-07-16T22:27:45.516284+00:00
2026-07-16T222746Z,C-US,FRED,DFF,2025-11-11,2026-07-16,2026-07-16,3.87,%,ok,2026-07-16T22:27:45.516284+00:00
2026-07-16T222746Z,C-US,FRED,DFF,2025-11-12,2026-07-16,2026-07-16,3.87,%,ok,2026-07-16T22:27:45.516284+00:00
2026-07-16T222746Z,C-US,FRED,DFF,2025-11-13,2026-07-16,2026-07-16,3.88,%,ok,2026-07-16T22:27:45.516284+00:00
2026-07-16T222746Z,C-US,FRED,DFF,2025-11-14,2026-07-16,2026-07-16,3.88,%,ok,2026-07-16T22:27:45.516284+00:00
2026-07-16T222746Z,C-US,FRED,DFF,2025-11-15,2026-07-16,2026-07-16,3.88,%,ok,2026-07-16T22:27:45.516284+00:00
2026-07-16T222746Z,C-US,FRED,DFF,2025-11-16,2026-07-16,2026-07-16,3.88,%,ok,2026-07-16T22:27:45.516284+00:00
2026-07-16T222746Z,C-US,FRED,DFF,2025-11-17,2026-07-16,2026-07-16,3.88,%,ok,2026-07-16T22:27:45.516284+00:00
2026-07-16T222746Z,C-US,FRED,DFF,2025-11-18,2026-07-16,2026-07-16,3.88,%,ok,2026-07-16T22:27:45.516284+00:00
2026-07-16T222746Z,C-US,FRED,DFF,2025-11-19,2026-07-16,2026-07-16,3.88,%,ok,2026-07-16T22:27:45.516284+00:00
2026-07-16T222746Z,C-US,FRED,DFF,2025-11-20,2026-07-16,2026-07-16,3.88,%,ok,2026-07-16T22:27:45.516284+00:00
2026-07-16T222746Z,C-US,FRED,DFF,2025-11-21,2026-07-16,2026-07-16,3.88,%,ok,2026-07-16T22:27:45.516284+00:00
2026-07-16T222746Z,C-US,FRED,DFF,2025-11-22,2026-07-16,2026-07-16,3.88,%,ok,2026-07-16T22:27:45.516284+00:00
2026-07-16T222746Z,C-US,FRED,DFF,2025-11-23,2026-07-16,2026-07-16,3.88,%,ok,2026-07-16T22:27:45.516284+00:00
2026-07-16T222746Z,C-US,FRED,DFF,2025-11-24,2026-07-16,2026-07-16,3.88,%,ok,2026-07-16T22:27:45.516284+00:00
2026-07-16T222746Z,C-US,FRED,DFF,2025-11-25,2026-07-16,2026-07-16,3.88,%,ok,2026-07-16T22:27:45.516284+00:00
2026-07-16T222746Z,C-US,FRED,DFF,2025-11-26,2026-07-16,2026-07-16,3.88,%,ok,2026-07-16T22:27:45.516284+00:00
2026-07-16T222746Z,C-US,FRED,DFF,2025-11-27,2026-07-16,2026-07-16,3.88,%,ok,2026-07-16T22:27:45.516284+00:00
2026-07-16T222746Z,C-US,FRED,DFF,2025-11-28,2026-07-16,2026-07-16,3.89,%,ok,2026-07-16T22:27:45.516284+00:00
2026-07-16T222746Z,C-US,FRED,DFF,2025-11-29,2026-07-16,2026-07-16,3.89,%,ok,2026-07-16T22:27:45.516284+00:00
2026-07-16T222746Z,C-US,FRED,DFF,2025-11-30,2026-07-16,2026-07-16,3.89,%,ok,2026-07-16T22:27:45.516284+00:00
2026-07-16T222746Z,C-US,FRED,DFF,2025-12-01,2026-07-16,2026-07-16,3.89,%,ok,2026-07-16T22:27:45.516284+00:00
2026-07-16T222746Z,C-US,FRED,DFF,2025-12-02,2026-07-16,2026-07-16,3.89,%,ok,2026-07-16T22:27:45.516284+00:00
2026-07-16T222746Z,C-US,FRED,DFF,2025-12-03,2026-07-16,2026-07-16,3.89,%,ok,2026-07-16T22:27:45.516284+00:00
2026-07-16T222746Z,C-US,FRED,DFF,2025-12-04,2026-07-16,2026-07-16,3.89,%,ok,2026-07-16T22:27:45.516284+00:00
2026-07-16T222746Z,C-US,FRED,DFF,2025-12-05,2026-07-16,2026-07-16,3.89,%,ok,2026-07-16T22:27:45.516284+00:00
2026-07-16T222746Z,C-US,FRED,DFF,2025-12-06,2026-07-16,2026-07-16,3.89,%,ok,2026-07-16T22:27:45.516284+00:00
2026-07-16T222746Z,C-US,FRED,DFF,2025-12-07,2026-07-16,2026-07-16,3.89,%,ok,2026-07-16T22:27:45.516284+00:00
2026-07-16T222746Z,C-US,FRED,DFF,2025-12-08,2026-07-16,2026-07-16,3.89,%,ok,2026-07-16T22:27:45.516284+00:00
2026-07-16T222746Z,C-US,FRED,DFF,2025-12-09,2026-07-16,2026-07-16,3.89,%,ok,2026-07-16T22:27:45.516284+00:00
2026-07-16T222746Z,C-US,FRED,DFF,2025-12-10,2026-07-16,2026-07-16,3.89,%,ok,2026-07-16T22:27:45.516284+00:00
2026-07-16T222746Z,C-US,FRED,DFF,2025-12-11,2026-07-16,2026-07-16,3.64,%,ok,2026-07-16T22:27:45.516284+00:00
2026-07-16T222746Z,C-US,FRED,DFF,2025-12-12,2026-07-16,2026-07-16,3.64,%,ok,2026-07-16T22:27:45.516284+00:00
2026-07-16T222746Z,C-US,FRED,DFF,2025-12-13,2026-07-16,2026-07-16,3.64,%,ok,2026-07-16T22:27:45.516284+00:00
2026-07-16T222746Z,C-US,FRED,DFF,2025-12-14,2026-07-16,2026-07-16,3.64,%,ok,2026-07-16T22:27:45.516284+00:00
2026-07-16T222746Z,C-US,FRED,DFF,2025-12-15,2026-07-16,2026-07-16,3.64,%,ok,2026-07-16T22:27:45.516284+00:00
2026-07-16T222746Z,C-US,FRED,DFF,2025-12-16,2026-07-16,2026-07-16,3.64,%,ok,2026-07-16T22:27:45.516284+00:00
2026-07-16T222746Z,C-US,FRED,DFF,2025-12-17,2026-07-16,2026-07-16,3.64,%,ok,2026-07-16T22:27:45.516284+00:00
2026-07-16T222746Z,C-US,FRED,DFF,2025-12-18,2026-07-16,2026-07-16,3.64,%,ok,2026-07-16T22:27:45.516284+00:00
2026-07-16T222746Z,C-US,FRED,DFF,2025-12-19,2026-07-16,2026-07-16,3.64,%,ok,2026-07-16T22:27:45.516284+00:00
2026-07-16T222746Z,C-US,FRED,DFF,2025-12-20,2026-07-16,2026-07-16,3.64,%,ok,2026-07-16T22:27:45.516284+00:00
2026-07-16T222746Z,C-US,FRED,DFF,2025-12-21,2026-07-16,2026-07-16,3.64,%,ok,2026-07-16T22:27:45.516284+00:00
2026-07-16T222746Z,C-US,FRED,DFF,2025-12-22,2026-07-16,2026-07-16,3.64,%,ok,2026-07-16T22:27:45.516284+00:00
2026-07-16T222746Z,C-US,FRED,DFF,2025-12-23,2026-07-16,2026-07-16,3.64,%,ok,2026-07-16T22:27:45.516284+00:00
2026-07-16T222746Z,C-US,FRED,DFF,2025-12-24,2026-07-16,2026-07-16,3.64,%,ok,2026-07-16T22:27:45.516284+00:00
2026-07-16T222746Z,C-US,FRED,DFF,2025-12-25,2026-07-16,2026-07-16,3.64,%,ok,2026-07-16T22:27:45.516284+00:00
2026-07-16T222746Z,C-US,FRED,DFF,2025-12-26,2026-07-16,2026-07-16,3.64,%,ok,2026-07-16T22:27:45.516284+00:00
2026-07-16T222746Z,C-US,FRED,DFF,2025-12-27,2026-07-16,2026-07-16,3.64,%,ok,2026-07-16T22:27:45.516284+00:00
2026-07-16T222746Z,C-US,FRED,DFF,2025-12-28,2026-07-16,2026-07-16,3.64,%,ok,2026-07-16T22:27:45.516284+00:00
2026-07-16T222746Z,C-US,FRED,DFF,2025-12-29,2026-07-16,2026-07-16,3.64,%,ok,2026-07-16T22:27:45.516284+00:00
2026-07-16T222746Z,C-US,FRED,DFF,2025-12-30,2026-07-16,2026-07-16,3.64,%,ok,2026-07-16T22:27:45.516284+00:00
2026-07-16T222746Z,C-US,FRED,DFF,2025-12-31,2026-07-16,2026-07-16,3.64,%,ok,2026-07-16T22:27:45.516284+00:00
2026-07-16T222746Z,C-US,FRED,DFF,2026-01-01,2026-07-16,2026-07-16,3.64,%,ok,2026-07-16T22:27:45.516284+00:00
2026-07-16T222746Z,C-US,FRED,DFF,2026-01-02,2026-07-16,2026-07-16,3.64,%,ok,2026-07-16T22:27:45.516284+00:00
2026-07-16T222746Z,C-US,FRED,DFF,2026-01-03,2026-07-16,2026-07-16,3.64,%,ok,2026-07-16T22:27:45.516284+00:00
2026-07-16T222746Z,C-US,FRED,DFF,2026-01-04,2026-07-16,2026-07-16,3.64,%,ok,2026-07-16T22:27:45.516284+00:00
2026-07-16T222746Z,C-US,FRED,DFF,2026-01-05,2026-07-16,2026-07-16,3.64,%,ok,2026-07-16T22:27:45.516284+00:00
2026-07-16T222746Z,C-US,FRED,DFF,2026-01-06,2026-07-16,2026-07-16,3.64,%,ok,2026-07-16T22:27:45.516284+00:00
2026-07-16T222746Z,C-US,FRED,DFF,2026-01-07,2026-07-16,2026-07-16,3.64,%,ok,2026-07-16T22:27:45.516284+00:00
2026-07-16T222746Z,C-US,FRED,DFF,2026-01-08,2026-07-16,2026-07-16,3.64,%,ok,2026-07-16T22:27:45.516284+00:00
2026-07-16T222746Z,C-US,FRED,DFF,2026-01-09,2026-07-16,2026-07-16,3.64,%,ok,2026-07-16T22:27:45.516284+00:00
2026-07-16T222746Z,C-US,FRED,DFF,2026-01-10,2026-07-16,2026-07-16,3.64,%,ok,2026-07-16T22:27:45.516284+00:00
2026-07-16T222746Z,C-US,FRED,DFF,2026-01-11,2026-07-16,2026-07-16,3.64,%,ok,2026-07-16T22:27:45.516284+00:00
2026-07-16T222746Z,C-US,FRED,DFF,2026-01-12,2026-07-16,2026-07-16,3.64,%,ok,2026-07-16T22:27:45.516284+00:00
2026-07-16T222746Z,C-US,FRED,DFF,2026-01-13,2026-07-16,2026-07-16,3.64,%,ok,2026-07-16T22:27:45.516284+00:00
2026-07-16T222746Z,C-US,FRED,DFF,2026-01-14,2026-07-16,2026-07-16,3.64,%,ok,2026-07-16T22:27:45.516284+00:00
2026-07-16T222746Z,C-US,FRED,DFF,2026-01-15,2026-07-16,2026-07-16,3.64,%,ok,2026-07-16T22:27:45.516284+00:00
2026-07-16T222746Z,C-US,FRED,DFF,2026-01-16,2026-07-16,2026-07-16,3.64,%,ok,2026-07-16T22:27:45.516284+00:00
2026-07-16T222746Z,C-US,FRED,DFF,2026-01-17,2026-07-16,2026-07-16,3.64,%,ok,2026-07-16T22:27:45.516284+00:00
2026-07-16T222746Z,C-US,FRED,DFF,2026-01-18,2026-07-16,2026-07-16,3.64,%,ok,2026-07-16T22:27:45.516284+00:00
2026-07-16T222746Z,C-US,FRED,DFF,2026-01-19,2026-07-16,2026-07-16,3.64,%,ok,2026-07-16T22:27:45.516284+00:00
2026-07-16T222746Z,C-US,FRED,DFF,2026-01-20,2026-07-16,2026-07-16,3.64,%,ok,2026-07-16T22:27:45.516284+00:00
2026-07-16T222746Z,C-US,FRED,DFF,2026-01-21,2026-07-16,2026-07-16,3.64,%,ok,2026-07-16T22:27:45.516284+00:00
2026-07-16T222746Z,C-US,FRED,DFF,2026-01-22,2026-07-16,2026-07-16,3.64,%,ok,2026-07-16T22:27:45.516284+00:00
2026-07-16T222746Z,C-US,FRED,DFF,2026-01-23,2026-07-16,2026-07-16,3.64,%,ok,2026-07-16T22:27:45.516284+00:00
2026-07-16T222746Z,C-US,FRED,DFF,2026-01-24,2026-07-16,2026-07-16,3.64,%,ok,2026-07-16T22:27:45.516284+00:00
2026-07-16T222746Z,C-US,FRED,DFF,2026-01-25,2026-07-16,2026-07-16,3.64,%,ok,2026-07-16T22:27:45.516284+00:00
2026-07-16T222746Z,C-US,FRED,DFF,2026-01-26,2026-07-16,2026-07-16,3.64,%,ok,2026-07-16T22:27:45.516284+00:00
2026-07-16T222746Z,C-US,FRED,DFF,2026-01-27,2026-07-16,2026-07-16,3.64,%,ok,2026-07-16T22:27:45.516284+00:00
2026-07-16T222746Z,C-US,FRED,DFF,2026-01-28,2026-07-16,2026-07-16,3.64,%,ok,2026-07-16T22:27:45.516284+00:00
2026-07-16T222746Z,C-US,FRED,DFF,2026-01-29,2026-07-16,2026-07-16,3.64,%,ok,2026-07-16T22:27:45.516284+00:00
2026-07-16T222746Z,C-US,FRED,DFF,2026-01-30,2026-07-16,2026-07-16,3.64,%,ok,2026-07-16T22:27:45.516284+00:00
2026-07-16T222746Z,C-US,FRED,DFF,2026-01-31,2026-07-16,2026-07-16,3.64,%,ok,2026-07-16T22:27:45.516284+00:00
2026-07-16T222746Z,C-US,FRED,DFF,2026-02-01,2026-07-16,2026-07-16,3.64,%,ok,2026-07-16T22:27:45.516284+00:00
2026-07-16T222746Z,C-US,FRED,DFF,2026-02-02,2026-07-16,2026-07-16,3.64,%,ok,2026-07-16T22:27:45.516284+00:00
2026-07-16T222746Z,C-US,FRED,DFF,2026-02-03,2026-07-16,2026-07-16,3.64,%,ok,2026-07-16T22:27:45.516284+00:00
2026-07-16T222746Z,C-US,FRED,DFF,2026-02-04,2026-07-16,2026-07-16,3.64,%,ok,2026-07-16T22:27:45.516284+00:00
2026-07-16T222746Z,C-US,FRED,DFF,2026-02-05,2026-07-16,2026-07-16,3.64,%,ok,2026-07-16T22:27:45.516284+00:00
2026-07-16T222746Z,C-US,FRED,DFF,2026-02-06,2026-07-16,2026-07-16,3.64,%,ok,2026-07-16T22:27:45.516284+00:00
2026-07-16T222746Z,C-US,FRED,DFF,2026-02-07,2026-07-16,2026-07-16,3.64,%,ok,2026-07-16T22:27:45.516284+00:00
2026-07-16T222746Z,C-US,FRED,DFF,2026-02-08,2026-07-16,2026-07-16,3.64,%,ok,2026-07-16T22:27:45.516284+00:00
2026-07-16T222746Z,C-US,FRED,DFF,2026-02-09,2026-07-16,2026-07-16,3.64,%,ok,2026-07-16T22:27:45.516284+00:00
2026-07-16T222746Z,C-US,FRED,DFF,2026-02-10,2026-07-16,2026-07-16,3.64,%,ok,2026-07-16T22:27:45.516284+00:00
2026-07-16T222746Z,C-US,FRED,DFF,2026-02-11,2026-07-16,2026-07-16,3.64,%,ok,2026-07-16T22:27:45.516284+00:00
2026-07-16T222746Z,C-US,FRED,DFF,2026-02-12,2026-07-16,2026-07-16,3.64,%,ok,2026-07-16T22:27:45.516284+00:00
2026-07-16T222746Z,C-US,FRED,DFF,2026-02-13,2026-07-16,2026-07-16,3.64,%,ok,2026-07-16T22:27:45.516284+00:00
2026-07-16T222746Z,C-US,FRED,DFF,2026-02-14,2026-07-16,2026-07-16,3.64,%,ok,2026-07-16T22:27:45.516284+00:00
2026-07-16T222746Z,C-US,FRED,DFF,2026-02-15,2026-07-16,2026-07-16,3.64,%,ok,2026-07-16T22:27:45.516284+00:00
2026-07-16T222746Z,C-US,FRED,DFF,2026-02-16,2026-07-16,2026-07-16,3.64,%,ok,2026-07-16T22:27:45.516284+00:00
2026-07-16T222746Z,C-US,FRED,DFF,2026-02-17,2026-07-16,2026-07-16,3.64,%,ok,2026-07-16T22:27:45.516284+00:00
2026-07-16T222746Z,C-US,FRED,DFF,2026-02-18,2026-07-16,2026-07-16,3.64,%,ok,2026-07-16T22:27:45.516284+00:00
2026-07-16T222746Z,C-US,FRED,DFF,2026-02-19,2026-07-16,2026-07-16,3.64,%,ok,2026-07-16T22:27:45.516284+00:00
2026-07-16T222746Z,C-US,FRED,DFF,2026-02-20,2026-07-16,2026-07-16,3.64,%,ok,2026-07-16T22:27:45.516284+00:00
2026-07-16T222746Z,C-US,FRED,DFF,2026-02-21,2026-07-16,2026-07-16,3.64,%,ok,2026-07-16T22:27:45.516284+00:00
2026-07-16T222746Z,C-US,FRED,DFF,2026-02-22,2026-07-16,2026-07-16,3.64,%,ok,2026-07-16T22:27:45.516284+00:00
2026-07-16T222746Z,C-US,FRED,DFF,2026-02-23,2026-07-16,2026-07-16,3.64,%,ok,2026-07-16T22:27:45.516284+00:00
2026-07-16T222746Z,C-US,FRED,DFF,2026-02-24,2026-07-16,2026-07-16,3.64,%,ok,2026-07-16T22:27:45.516284+00:00
2026-07-16T222746Z,C-US,FRED,DFF,2026-02-25,2026-07-16,2026-07-16,3.64,%,ok,2026-07-16T22:27:45.516284+00:00
2026-07-16T222746Z,C-US,FRED,DFF,2026-02-26,2026-07-16,2026-07-16,3.64,%,ok,2026-07-16T22:27:45.516284+00:00
2026-07-16T222746Z,C-US,FRED,DFF,2026-02-27,2026-07-16,2026-07-16,3.64,%,ok,2026-07-16T22:27:45.516284+00:00
2026-07-16T222746Z,C-US,FRED,DFF,2026-02-28,2026-07-16,2026-07-16,3.64,%,ok,2026-07-16T22:27:45.516284+00:00
2026-07-16T222746Z,C-US,FRED,DFF,2026-03-01,2026-07-16,2026-07-16,3.64,%,ok,2026-07-16T22:27:45.516284+00:00
2026-07-16T222746Z,C-US,FRED,DFF,2026-03-02,2026-07-16,2026-07-16,3.64,%,ok,2026-07-16T22:27:45.516284+00:00
2026-07-16T222746Z,C-US,FRED,DFF,2026-03-03,2026-07-16,2026-07-16,3.64,%,ok,2026-07-16T22:27:45.516284+00:00
2026-07-16T222746Z,C-US,FRED,DFF,2026-03-04,2026-07-16,2026-07-16,3.64,%,ok,2026-07-16T22:27:45.516284+00:00
2026-07-16T222746Z,C-US,FRED,DFF,2026-03-05,2026-07-16,2026-07-16,3.64,%,ok,2026-07-16T22:27:45.516284+00:00
2026-07-16T222746Z,C-US,FRED,DFF,2026-03-06,2026-07-16,2026-07-16,3.64,%,ok,2026-07-16T22:27:45.516284+00:00
2026-07-16T222746Z,C-US,FRED,DFF,2026-03-07,2026-07-16,2026-07-16,3.64,%,ok,2026-07-16T22:27:45.516284+00:00
2026-07-16T222746Z,C-US,FRED,DFF,2026-03-08,2026-07-16,2026-07-16,3.64,%,ok,2026-07-16T22:27:45.516284+00:00
2026-07-16T222746Z,C-US,FRED,DFF,2026-03-09,2026-07-16,2026-07-16,3.64,%,ok,2026-07-16T22:27:45.516284+00:00
2026-07-16T222746Z,C-US,FRED,DFF,2026-03-10,2026-07-16,2026-07-16,3.64,%,ok,2026-07-16T22:27:45.516284+00:00
2026-07-16T222746Z,C-US,FRED,DFF,2026-03-11,2026-07-16,2026-07-16,3.64,%,ok,2026-07-16T22:27:45.516284+00:00
2026-07-16T222746Z,C-US,FRED,DFF,2026-03-12,2026-07-16,2026-07-16,3.64,%,ok,2026-07-16T22:27:45.516284+00:00
2026-07-16T222746Z,C-US,FRED,DFF,2026-03-13,2026-07-16,2026-07-16,3.64,%,ok,2026-07-16T22:27:45.516284+00:00
2026-07-16T222746Z,C-US,FRED,DFF,2026-03-14,2026-07-16,2026-07-16,3.64,%,ok,2026-07-16T22:27:45.516284+00:00
2026-07-16T222746Z,C-US,FRED,DFF,2026-03-15,2026-07-16,2026-07-16,3.64,%,ok,2026-07-16T22:27:45.516284+00:00
2026-07-16T222746Z,C-US,FRED,DFF,2026-03-16,2026-07-16,2026-07-16,3.64,%,ok,2026-07-16T22:27:45.516284+00:00
2026-07-16T222746Z,C-US,FRED,DFF,2026-03-17,2026-07-16,2026-07-16,3.64,%,ok,2026-07-16T22:27:45.516284+00:00
2026-07-16T222746Z,C-US,FRED,DFF,2026-03-18,2026-07-16,2026-07-16,3.64,%,ok,2026-07-16T22:27:45.516284+00:00
2026-07-16T222746Z,C-US,FRED,DFF,2026-03-19,2026-07-16,2026-07-16,3.64,%,ok,2026-07-16T22:27:45.516284+00:00
2026-07-16T222746Z,C-US,FRED,DFF,2026-03-20,2026-07-16,2026-07-16,3.64,%,ok,2026-07-16T22:27:45.516284+00:00
2026-07-16T222746Z,C-US,FRED,DFF,2026-03-21,2026-07-16,2026-07-16,3.64,%,ok,2026-07-16T22:27:45.516284+00:00
2026-07-16T222746Z,C-US,FRED,DFF,2026-03-22,2026-07-16,2026-07-16,3.64,%,ok,2026-07-16T22:27:45.516284+00:00
2026-07-16T222746Z,C-US,FRED,DFF,2026-03-23,2026-07-16,2026-07-16,3.64,%,ok,2026-07-16T22:27:45.516284+00:00
2026-07-16T222746Z,C-US,FRED,DFF,2026-03-24,2026-07-16,2026-07-16,3.64,%,ok,2026-07-16T22:27:45.516284+00:00
2026-07-16T222746Z,C-US,FRED,DFF,2026-03-25,2026-07-16,2026-07-16,3.64,%,ok,2026-07-16T22:27:45.516284+00:00
2026-07-16T222746Z,C-US,FRED,DFF,2026-03-26,2026-07-16,2026-07-16,3.64,%,ok,2026-07-16T22:27:45.516284+00:00
2026-07-16T222746Z,C-US,FRED,DFF,2026-03-27,2026-07-16,2026-07-16,3.64,%,ok,2026-07-16T22:27:45.516284+00:00
2026-07-16T222746Z,C-US,FRED,DFF,2026-03-28,2026-07-16,2026-07-16,3.64,%,ok,2026-07-16T22:27:45.516284+00:00
2026-07-16T222746Z,C-US,FRED,DFF,2026-03-29,2026-07-16,2026-07-16,3.64,%,ok,2026-07-16T22:27:45.516284+00:00
2026-07-16T222746Z,C-US,FRED,DFF,2026-03-30,2026-07-16,2026-07-16,3.64,%,ok,2026-07-16T22:27:45.516284+00:00
2026-07-16T222746Z,C-US,FRED,DFF,2026-03-31,2026-07-16,2026-07-16,3.64,%,ok,2026-07-16T22:27:45.516284+00:00
2026-07-16T222746Z,C-US,FRED,DFF,2026-04-01,2026-07-16,2026-07-16,3.64,%,ok,2026-07-16T22:27:45.516284+00:00
2026-07-16T222746Z,C-US,FRED,DFF,2026-04-02,2026-07-16,2026-07-16,3.64,%,ok,2026-07-16T22:27:45.516284+00:00
2026-07-16T222746Z,C-US,FRED,DFF,2026-04-03,2026-07-16,2026-07-16,3.64,%,ok,2026-07-16T22:27:45.516284+00:00
2026-07-16T222746Z,C-US,FRED,DFF,2026-04-04,2026-07-16,2026-07-16,3.64,%,ok,2026-07-16T22:27:45.516284+00:00
2026-07-16T222746Z,C-US,FRED,DFF,2026-04-05,2026-07-16,2026-07-16,3.64,%,ok,2026-07-16T22:27:45.516284+00:00
2026-07-16T222746Z,C-US,FRED,DFF,2026-04-06,2026-07-16,2026-07-16,3.64,%,ok,2026-07-16T22:27:45.516284+00:00
2026-07-16T222746Z,C-US,FRED,DFF,2026-04-07,2026-07-16,2026-07-16,3.64,%,ok,2026-07-16T22:27:45.516284+00:00
2026-07-16T222746Z,C-US,FRED,DFF,2026-04-08,2026-07-16,2026-07-16,3.64,%,ok,2026-07-16T22:27:45.516284+00:00
2026-07-16T222746Z,C-US,FRED,DFF,2026-04-09,2026-07-16,2026-07-16,3.64,%,ok,2026-07-16T22:27:45.516284+00:00
2026-07-16T222746Z,C-US,FRED,DFF,2026-04-10,2026-07-16,2026-07-16,3.64,%,ok,2026-07-16T22:27:45.516284+00:00
2026-07-16T222746Z,C-US,FRED,DFF,2026-04-11,2026-07-16,2026-07-16,3.64,%,ok,2026-07-16T22:27:45.516284+00:00
2026-07-16T222746Z,C-US,FRED,DFF,2026-04-12,2026-07-16,2026-07-16,3.64,%,ok,2026-07-16T22:27:45.516284+00:00
2026-07-16T222746Z,C-US,FRED,DFF,2026-04-13,2026-07-16,2026-07-16,3.64,%,ok,2026-07-16T22:27:45.516284+00:00
2026-07-16T222746Z,C-US,FRED,DFF,2026-04-14,2026-07-16,2026-07-16,3.64,%,ok,2026-07-16T22:27:45.516284+00:00
2026-07-16T222746Z,C-US,FRED,DFF,2026-04-15,2026-07-16,2026-07-16,3.64,%,ok,2026-07-16T22:27:45.516284+00:00
2026-07-16T222746Z,C-US,FRED,DFF,2026-04-16,2026-07-16,2026-07-16,3.64,%,ok,2026-07-16T22:27:45.516284+00:00
2026-07-16T222746Z,C-US,FRED,DFF,2026-04-17,2026-07-16,2026-07-16,3.64,%,ok,2026-07-16T22:27:45.516284+00:00
2026-07-16T222746Z,C-US,FRED,DFF,2026-04-18,2026-07-16,2026-07-16,3.64,%,ok,2026-07-16T22:27:45.516284+00:00
2026-07-16T222746Z,C-US,FRED,DFF,2026-04-19,2026-07-16,2026-07-16,3.64,%,ok,2026-07-16T22:27:45.516284+00:00
2026-07-16T222746Z,C-US,FRED,DFF,2026-04-20,2026-07-16,2026-07-16,3.64,%,ok,2026-07-16T22:27:45.516284+00:00
2026-07-16T222746Z,C-US,FRED,DFF,2026-04-21,2026-07-16,2026-07-16,3.64,%,ok,2026-07-16T22:27:45.516284+00:00
2026-07-16T222746Z,C-US,FRED,DFF,2026-04-22,2026-07-16,2026-07-16,3.64,%,ok,2026-07-16T22:27:45.516284+00:00
2026-07-16T222746Z,C-US,FRED,DFF,2026-04-23,2026-07-16,2026-07-16,3.64,%,ok,2026-07-16T22:27:45.516284+00:00
2026-07-16T222746Z,C-US,FRED,DFF,2026-04-24,2026-07-16,2026-07-16,3.64,%,ok,2026-07-16T22:27:45.516284+00:00
2026-07-16T222746Z,C-US,FRED,DFF,2026-04-25,2026-07-16,2026-07-16,3.64,%,ok,2026-07-16T22:27:45.516284+00:00
2026-07-16T222746Z,C-US,FRED,DFF,2026-04-26,2026-07-16,2026-07-16,3.64,%,ok,2026-07-16T22:27:45.516284+00:00
2026-07-16T222746Z,C-US,FRED,DFF,2026-04-27,2026-07-16,2026-07-16,3.64,%,ok,2026-07-16T22:27:45.516284+00:00
2026-07-16T222746Z,C-US,FRED,DFF,2026-04-28,2026-07-16,2026-07-16,3.64,%,ok,2026-07-16T22:27:45.516284+00:00
2026-07-16T222746Z,C-US,FRED,DFF,2026-04-29,2026-07-16,2026-07-16,3.64,%,ok,2026-07-16T22:27:45.516284+00:00
2026-07-16T222746Z,C-US,FRED,DFF,2026-04-30,2026-07-16,2026-07-16,3.64,%,ok,2026-07-16T22:27:45.516284+00:00
2026-07-16T222746Z,C-US,FRED,DFF,2026-05-01,2026-07-16,2026-07-16,3.64,%,ok,2026-07-16T22:27:45.516284+00:00
2026-07-16T222746Z,C-US,FRED,DFF,2026-05-02,2026-07-16,2026-07-16,3.64,%,ok,2026-07-16T22:27:45.516284+00:00
2026-07-16T222746Z,C-US,FRED,DFF,2026-05-03,2026-07-16,2026-07-16,3.64,%,ok,2026-07-16T22:27:45.516284+00:00
2026-07-16T222746Z,C-US,FRED,DFF,2026-05-04,2026-07-16,2026-07-16,3.64,%,ok,2026-07-16T22:27:45.516284+00:00
2026-07-16T222746Z,C-US,FRED,DFF,2026-05-05,2026-07-16,2026-07-16,3.64,%,ok,2026-07-16T22:27:45.516284+00:00
2026-07-16T222746Z,C-US,FRED,DFF,2026-05-06,2026-07-16,2026-07-16,3.64,%,ok,2026-07-16T22:27:45.516284+00:00
2026-07-16T222746Z,C-US,FRED,DFF,2026-05-07,2026-07-16,2026-07-16,3.63,%,ok,2026-07-16T22:27:45.516284+00:00
2026-07-16T222746Z,C-US,FRED,DFF,2026-05-08,2026-07-16,2026-07-16,3.63,%,ok,2026-07-16T22:27:45.516284+00:00
2026-07-16T222746Z,C-US,FRED,DFF,2026-05-09,2026-07-16,2026-07-16,3.63,%,ok,2026-07-16T22:27:45.516284+00:00
2026-07-16T222746Z,C-US,FRED,DFF,2026-05-10,2026-07-16,2026-07-16,3.63,%,ok,2026-07-16T22:27:45.516284+00:00
2026-07-16T222746Z,C-US,FRED,DFF,2026-05-11,2026-07-16,2026-07-16,3.63,%,ok,2026-07-16T22:27:45.516284+00:00
2026-07-16T222746Z,C-US,FRED,DFF,2026-05-12,2026-07-16,2026-07-16,3.63,%,ok,2026-07-16T22:27:45.516284+00:00
2026-07-16T222746Z,C-US,FRED,DFF,2026-05-13,2026-07-16,2026-07-16,3.63,%,ok,2026-07-16T22:27:45.516284+00:00
2026-07-16T222746Z,C-US,FRED,DFF,2026-05-14,2026-07-16,2026-07-16,3.63,%,ok,2026-07-16T22:27:45.516284+00:00
2026-07-16T222746Z,C-US,FRED,DFF,2026-05-15,2026-07-16,2026-07-16,3.63,%,ok,2026-07-16T22:27:45.516284+00:00
2026-07-16T222746Z,C-US,FRED,DFF,2026-05-16,2026-07-16,2026-07-16,3.63,%,ok,2026-07-16T22:27:45.516284+00:00
2026-07-16T222746Z,C-US,FRED,DFF,2026-05-17,2026-07-16,2026-07-16,3.63,%,ok,2026-07-16T22:27:45.516284+00:00
2026-07-16T222746Z,C-US,FRED,DFF,2026-05-18,2026-07-16,2026-07-16,3.63,%,ok,2026-07-16T22:27:45.516284+00:00
2026-07-16T222746Z,C-US,FRED,DFF,2026-05-19,2026-07-16,2026-07-16,3.62,%,ok,2026-07-16T22:27:45.516284+00:00
2026-07-16T222746Z,C-US,FRED,DFF,2026-05-20,2026-07-16,2026-07-16,3.62,%,ok,2026-07-16T22:27:45.516284+00:00
2026-07-16T222746Z,C-US,FRED,DFF,2026-05-21,2026-07-16,2026-07-16,3.62,%,ok,2026-07-16T22:27:45.516284+00:00
2026-07-16T222746Z,C-US,FRED,DFF,2026-05-22,2026-07-16,2026-07-16,3.62,%,ok,2026-07-16T22:27:45.516284+00:00
2026-07-16T222746Z,C-US,FRED,DFF,2026-05-23,2026-07-16,2026-07-16,3.62,%,ok,2026-07-16T22:27:45.516284+00:00
2026-07-16T222746Z,C-US,FRED,DFF,2026-05-24,2026-07-16,2026-07-16,3.62,%,ok,2026-07-16T22:27:45.516284+00:00
2026-07-16T222746Z,C-US,FRED,DFF,2026-05-25,2026-07-16,2026-07-16,3.62,%,ok,2026-07-16T22:27:45.516284+00:00
2026-07-16T222746Z,C-US,FRED,DFF,2026-05-26,2026-07-16,2026-07-16,3.62,%,ok,2026-07-16T22:27:45.516284+00:00
2026-07-16T222746Z,C-US,FRED,DFF,2026-05-27,2026-07-16,2026-07-16,3.62,%,ok,2026-07-16T22:27:45.516284+00:00
2026-07-16T222746Z,C-US,FRED,DFF,2026-05-28,2026-07-16,2026-07-16,3.62,%,ok,2026-07-16T22:27:45.516284+00:00
2026-07-16T222746Z,C-US,FRED,DFF,2026-05-29,2026-07-16,2026-07-16,3.62,%,ok,2026-07-16T22:27:45.516284+00:00
2026-07-16T222746Z,C-US,FRED,DFF,2026-05-30,2026-07-16,2026-07-16,3.62,%,ok,2026-07-16T22:27:45.516284+00:00
2026-07-16T222746Z,C-US,FRED,DFF,2026-05-31,2026-07-16,2026-07-16,3.62,%,ok,2026-07-16T22:27:45.516284+00:00
2026-07-16T222746Z,C-US,FRED,DFF,2026-06-01,2026-07-16,2026-07-16,3.62,%,ok,2026-07-16T22:27:45.516284+00:00
2026-07-16T222746Z,C-US,FRED,DFF,2026-06-02,2026-07-16,2026-07-16,3.62,%,ok,2026-07-16T22:27:45.516284+00:00
2026-07-16T222746Z,C-US,FRED,DFF,2026-06-03,2026-07-16,2026-07-16,3.62,%,ok,2026-07-16T22:27:45.516284+00:00
2026-07-16T222746Z,C-US,FRED,DFF,2026-06-04,2026-07-16,2026-07-16,3.62,%,ok,2026-07-16T22:27:45.516284+00:00
2026-07-16T222746Z,C-US,FRED,DFF,2026-06-05,2026-07-16,2026-07-16,3.62,%,ok,2026-07-16T22:27:45.516284+00:00
2026-07-16T222746Z,C-US,FRED,DFF,2026-06-06,2026-07-16,2026-07-16,3.62,%,ok,2026-07-16T22:27:45.516284+00:00
2026-07-16T222746Z,C-US,FRED,DFF,2026-06-07,2026-07-16,2026-07-16,3.62,%,ok,2026-07-16T22:27:45.516284+00:00
2026-07-16T222746Z,C-US,FRED,DFF,2026-06-08,2026-07-16,2026-07-16,3.62,%,ok,2026-07-16T22:27:45.516284+00:00
2026-07-16T222746Z,C-US,FRED,DFF,2026-06-09,2026-07-16,2026-07-16,3.62,%,ok,2026-07-16T22:27:45.516284+00:00
2026-07-16T222746Z,C-US,FRED,DFF,2026-06-10,2026-07-16,2026-07-16,3.62,%,ok,2026-07-16T22:27:45.516284+00:00
2026-07-16T222746Z,C-US,FRED,DFF,2026-06-11,2026-07-16,2026-07-16,3.62,%,ok,2026-07-16T22:27:45.516284+00:00
2026-07-16T222746Z,C-US,FRED,DFF,2026-06-12,2026-07-16,2026-07-16,3.62,%,ok,2026-07-16T22:27:45.516284+00:00
2026-07-16T222746Z,C-US,FRED,DFF,2026-06-13,2026-07-16,2026-07-16,3.62,%,ok,2026-07-16T22:27:45.516284+00:00
2026-07-16T222746Z,C-US,FRED,DFF,2026-06-14,2026-07-16,2026-07-16,3.62,%,ok,2026-07-16T22:27:45.516284+00:00
2026-07-16T222746Z,C-US,FRED,DFF,2026-06-15,2026-07-16,2026-07-16,3.63,%,ok,2026-07-16T22:27:45.516284+00:00
2026-07-16T222746Z,C-US,FRED,DFF,2026-06-16,2026-07-16,2026-07-16,3.63,%,ok,2026-07-16T22:27:45.516284+00:00
2026-07-16T222746Z,C-US,FRED,DFF,2026-06-17,2026-07-16,2026-07-16,3.63,%,ok,2026-07-16T22:27:45.516284+00:00
2026-07-16T222746Z,C-US,FRED,DFF,2026-06-18,2026-07-16,2026-07-16,3.63,%,ok,2026-07-16T22:27:45.516284+00:00
2026-07-16T222746Z,C-US,FRED,DFF,2026-06-19,2026-07-16,2026-07-16,3.63,%,ok,2026-07-16T22:27:45.516284+00:00
2026-07-16T222746Z,C-US,FRED,DFF,2026-06-20,2026-07-16,2026-07-16,3.63,%,ok,2026-07-16T22:27:45.516284+00:00
2026-07-16T222746Z,C-US,FRED,DFF,2026-06-21,2026-07-16,2026-07-16,3.63,%,ok,2026-07-16T22:27:45.516284+00:00
2026-07-16T222746Z,C-US,FRED,DFF,2026-06-22,2026-07-16,2026-07-16,3.63,%,ok,2026-07-16T22:27:45.516284+00:00
2026-07-16T222746Z,C-US,FRED,DFF,2026-06-23,2026-07-16,2026-07-16,3.63,%,ok,2026-07-16T22:27:45.516284+00:00
2026-07-16T222746Z,C-US,FRED,DFF,2026-06-24,2026-07-16,2026-07-16,3.63,%,ok,2026-07-16T22:27:45.516284+00:00
2026-07-16T222746Z,C-US,FRED,DFF,2026-06-25,2026-07-16,2026-07-16,3.63,%,ok,2026-07-16T22:27:45.516284+00:00
2026-07-16T222746Z,C-US,FRED,DFF,2026-06-26,2026-07-16,2026-07-16,3.63,%,ok,2026-07-16T22:27:45.516284+00:00
2026-07-16T222746Z,C-US,FRED,DFF,2026-06-27,2026-07-16,2026-07-16,3.63,%,ok,2026-07-16T22:27:45.516284+00:00
2026-07-16T222746Z,C-US,FRED,DFF,2026-06-28,2026-07-16,2026-07-16,3.63,%,ok,2026-07-16T22:27:45.516284+00:00
2026-07-16T222746Z,C-US,FRED,DFF,2026-06-29,2026-07-16,2026-07-16,3.63,%,ok,2026-07-16T22:27:45.516284+00:00
2026-07-16T222746Z,C-US,FRED,DFF,2026-06-30,2026-07-16,2026-07-16,3.63,%,ok,2026-07-16T22:27:45.516284+00:00
2026-07-16T222746Z,C-US,FRED,DFF,2026-07-01,2026-07-16,2026-07-16,3.63,%,ok,2026-07-16T22:27:45.516284+00:00
2026-07-16T222746Z,C-US,FRED,DFF,2026-07-02,2026-07-16,2026-07-16,3.63,%,ok,2026-07-16T22:27:45.516284+00:00
2026-07-16T222746Z,C-US,FRED,DFF,2026-07-03,2026-07-16,2026-07-16,3.63,%,ok,2026-07-16T22:27:45.516284+00:00
2026-07-16T222746Z,C-US,FRED,DFF,2026-07-04,2026-07-16,2026-07-16,3.63,%,ok,2026-07-16T22:27:45.516284+00:00
2026-07-16T222746Z,C-US,FRED,DFF,2026-07-05,2026-07-16,2026-07-16,3.63,%,ok,2026-07-16T22:27:45.516284+00:00
2026-07-16T222746Z,C-US,FRED,DFF,2026-07-06,2026-07-16,2026-07-16,3.63,%,ok,2026-07-16T22:27:45.516284+00:00
2026-07-16T222746Z,C-US,FRED,DFF,2026-07-07,2026-07-16,2026-07-16,3.63,%,ok,2026-07-16T22:27:45.516284+00:00
2026-07-16T222746Z,C-US,FRED,DFF,2026-07-08,2026-07-16,2026-07-16,3.62,%,ok,2026-07-16T22:27:45.516284+00:00
2026-07-16T222746Z,C-US,FRED,DFF,2026-07-09,2026-07-16,2026-07-16,3.62,%,ok,2026-07-16T22:27:45.516284+00:00
2026-07-16T222746Z,C-US,FRED,DFF,2026-07-10,2026-07-16,2026-07-16,3.62,%,ok,2026-07-16T22:27:45.516284+00:00
2026-07-16T222746Z,C-US,FRED,DFF,2026-07-11,2026-07-16,2026-07-16,3.62,%,ok,2026-07-16T22:27:45.516284+00:00
2026-07-16T222746Z,C-US,FRED,DFF,2026-07-12,2026-07-16,2026-07-16,3.62,%,ok,2026-07-16T22:27:45.516284+00:00
2026-07-16T222746Z,C-US,FRED,DFF,2026-07-13,2026-07-16,2026-07-16,3.62,%,ok,2026-07-16T22:27:45.516284+00:00
2026-07-16T222746Z,C-US,FRED,DFF,2026-07-14,2026-07-16,2026-07-16,3.63,%,ok,2026-07-16T22:27:45.516284+00:00
2026-07-16T222746Z,C-US,FRED,DFF,2026-07-15,2026-07-16,2026-07-16,3.63,%,ok,2026-07-16T22:27:45.516284+00:00
2026-07-16T222746Z,C-US,FRED,DCPF3M,2025-09-19,2026-07-16,2026-07-16,,%,missing_at_source,2026-07-16T22:27:46.090694+00:00
2026-07-16T222746Z,C-US,FRED,DCPF3M,2025-09-22,2026-07-16,2026-07-16,4.06,%,ok,2026-07-16T22:27:46.090694+00:00
2026-07-16T222746Z,C-US,FRED,DCPF3M,2025-09-23,2026-07-16,2026-07-16,,%,missing_at_source,2026-07-16T22:27:46.090694+00:00
2026-07-16T222746Z,C-US,FRED,DCPF3M,2025-09-24,2026-07-16,2026-07-16,,%,missing_at_source,2026-07-16T22:27:46.090694+00:00
2026-07-16T222746Z,C-US,FRED,DCPF3M,2025-09-25,2026-07-16,2026-07-16,,%,missing_at_source,2026-07-16T22:27:46.090694+00:00
2026-07-16T222746Z,C-US,FRED,DCPF3M,2025-09-26,2026-07-16,2026-07-16,,%,missing_at_source,2026-07-16T22:27:46.090694+00:00
2026-07-16T222746Z,C-US,FRED,DCPF3M,2025-09-29,2026-07-16,2026-07-16,,%,missing_at_source,2026-07-16T22:27:46.090694+00:00
2026-07-16T222746Z,C-US,FRED,DCPF3M,2025-09-30,2026-07-16,2026-07-16,,%,missing_at_source,2026-07-16T22:27:46.090694+00:00
2026-07-16T222746Z,C-US,FRED,DCPF3M,2025-10-01,2026-07-16,2026-07-16,4.05,%,ok,2026-07-16T22:27:46.090694+00:00
2026-07-16T222746Z,C-US,FRED,DCPF3M,2025-10-02,2026-07-16,2026-07-16,,%,missing_at_source,2026-07-16T22:27:46.090694+00:00
2026-07-16T222746Z,C-US,FRED,DCPF3M,2025-10-03,2026-07-16,2026-07-16,4.02,%,ok,2026-07-16T22:27:46.090694+00:00
2026-07-16T222746Z,C-US,FRED,DCPF3M,2025-10-06,2026-07-16,2026-07-16,4.0,%,ok,2026-07-16T22:27:46.090694+00:00
2026-07-16T222746Z,C-US,FRED,DCPF3M,2025-10-07,2026-07-16,2026-07-16,,%,missing_at_source,2026-07-16T22:27:46.090694+00:00
2026-07-16T222746Z,C-US,FRED,DCPF3M,2025-10-08,2026-07-16,2026-07-16,4.04,%,ok,2026-07-16T22:27:46.090694+00:00
2026-07-16T222746Z,C-US,FRED,DCPF3M,2025-10-09,2026-07-16,2026-07-16,3.95,%,ok,2026-07-16T22:27:46.090694+00:00
2026-07-16T222746Z,C-US,FRED,DCPF3M,2025-10-10,2026-07-16,2026-07-16,,%,missing_at_source,2026-07-16T22:27:46.090694+00:00
2026-07-16T222746Z,C-US,FRED,DCPF3M,2025-10-13,2026-07-16,2026-07-16,,%,missing_at_source,2026-07-16T22:27:46.090694+00:00
2026-07-16T222746Z,C-US,FRED,DCPF3M,2025-10-14,2026-07-16,2026-07-16,3.94,%,ok,2026-07-16T22:27:46.090694+00:00
2026-07-16T222746Z,C-US,FRED,DCPF3M,2025-10-15,2026-07-16,2026-07-16,3.97,%,ok,2026-07-16T22:27:46.090694+00:00
2026-07-16T222746Z,C-US,FRED,DCPF3M,2025-10-16,2026-07-16,2026-07-16,3.91,%,ok,2026-07-16T22:27:46.090694+00:00
2026-07-16T222746Z,C-US,FRED,DCPF3M,2025-10-17,2026-07-16,2026-07-16,,%,missing_at_source,2026-07-16T22:27:46.090694+00:00
2026-07-16T222746Z,C-US,FRED,DCPF3M,2025-10-20,2026-07-16,2026-07-16,,%,missing_at_source,2026-07-16T22:27:46.090694+00:00
2026-07-16T222746Z,C-US,FRED,DCPF3M,2025-10-21,2026-07-16,2026-07-16,,%,missing_at_source,2026-07-16T22:27:46.090694+00:00
2026-07-16T222746Z,C-US,FRED,DCPF3M,2025-10-22,2026-07-16,2026-07-16,3.93,%,ok,2026-07-16T22:27:46.090694+00:00
2026-07-16T222746Z,C-US,FRED,DCPF3M,2025-10-23,2026-07-16,2026-07-16,,%,missing_at_source,2026-07-16T22:27:46.090694+00:00
2026-07-16T222746Z,C-US,FRED,DCPF3M,2025-10-24,2026-07-16,2026-07-16,,%,missing_at_source,2026-07-16T22:27:46.090694+00:00
2026-07-16T222746Z,C-US,FRED,DCPF3M,2025-10-27,2026-07-16,2026-07-16,,%,missing_at_source,2026-07-16T22:27:46.090694+00:00
2026-07-16T222746Z,C-US,FRED,DCPF3M,2025-10-28,2026-07-16,2026-07-16,,%,missing_at_source,2026-07-16T22:27:46.090694+00:00
2026-07-16T222746Z,C-US,FRED,DCPF3M,2025-10-29,2026-07-16,2026-07-16,,%,missing_at_source,2026-07-16T22:27:46.090694+00:00
2026-07-16T222746Z,C-US,FRED,DCPF3M,2025-10-30,2026-07-16,2026-07-16,,%,missing_at_source,2026-07-16T22:27:46.090694+00:00
2026-07-16T222746Z,C-US,FRED,DCPF3M,2025-10-31,2026-07-16,2026-07-16,,%,missing_at_source,2026-07-16T22:27:46.090694+00:00
2026-07-16T222746Z,C-US,FRED,DCPF3M,2025-11-03,2026-07-16,2026-07-16,3.86,%,ok,2026-07-16T22:27:46.090694+00:00
2026-07-16T222746Z,C-US,FRED,DCPF3M,2025-11-04,2026-07-16,2026-07-16,,%,missing_at_source,2026-07-16T22:27:46.090694+00:00
2026-07-16T222746Z,C-US,FRED,DCPF3M,2025-11-05,2026-07-16,2026-07-16,,%,missing_at_source,2026-07-16T22:27:46.090694+00:00
2026-07-16T222746Z,C-US,FRED,DCPF3M,2025-11-06,2026-07-16,2026-07-16,3.85,%,ok,2026-07-16T22:27:46.090694+00:00
2026-07-16T222746Z,C-US,FRED,DCPF3M,2025-11-07,2026-07-16,2026-07-16,3.86,%,ok,2026-07-16T22:27:46.090694+00:00
2026-07-16T222746Z,C-US,FRED,DCPF3M,2025-11-10,2026-07-16,2026-07-16,,%,missing_at_source,2026-07-16T22:27:46.090694+00:00
2026-07-16T222746Z,C-US,FRED,DCPF3M,2025-11-11,2026-07-16,2026-07-16,,%,missing_at_source,2026-07-16T22:27:46.090694+00:00
2026-07-16T222746Z,C-US,FRED,DCPF3M,2025-11-12,2026-07-16,2026-07-16,,%,missing_at_source,2026-07-16T22:27:46.090694+00:00
2026-07-16T222746Z,C-US,FRED,DCPF3M,2025-11-13,2026-07-16,2026-07-16,3.82,%,ok,2026-07-16T22:27:46.090694+00:00
2026-07-16T222746Z,C-US,FRED,DCPF3M,2025-11-14,2026-07-16,2026-07-16,,%,missing_at_source,2026-07-16T22:27:46.090694+00:00
2026-07-16T222746Z,C-US,FRED,DCPF3M,2025-11-17,2026-07-16,2026-07-16,3.88,%,ok,2026-07-16T22:27:46.090694+00:00
2026-07-16T222746Z,C-US,FRED,DCPF3M,2025-11-18,2026-07-16,2026-07-16,3.9,%,ok,2026-07-16T22:27:46.090694+00:00
2026-07-16T222746Z,C-US,FRED,DCPF3M,2025-11-19,2026-07-16,2026-07-16,3.91,%,ok,2026-07-16T22:27:46.090694+00:00
2026-07-16T222746Z,C-US,FRED,DCPF3M,2025-11-20,2026-07-16,2026-07-16,3.83,%,ok,2026-07-16T22:27:46.090694+00:00
2026-07-16T222746Z,C-US,FRED,DCPF3M,2025-11-21,2026-07-16,2026-07-16,3.88,%,ok,2026-07-16T22:27:46.090694+00:00
2026-07-16T222746Z,C-US,FRED,DCPF3M,2025-11-24,2026-07-16,2026-07-16,3.8,%,ok,2026-07-16T22:27:46.090694+00:00
2026-07-16T222746Z,C-US,FRED,DCPF3M,2025-11-25,2026-07-16,2026-07-16,3.9,%,ok,2026-07-16T22:27:46.090694+00:00
2026-07-16T222746Z,C-US,FRED,DCPF3M,2025-11-26,2026-07-16,2026-07-16,3.85,%,ok,2026-07-16T22:27:46.090694+00:00
2026-07-16T222746Z,C-US,FRED,DCPF3M,2025-11-27,2026-07-16,2026-07-16,,%,missing_at_source,2026-07-16T22:27:46.090694+00:00
2026-07-16T222746Z,C-US,FRED,DCPF3M,2025-11-28,2026-07-16,2026-07-16,,%,missing_at_source,2026-07-16T22:27:46.090694+00:00
2026-07-16T222746Z,C-US,FRED,DCPF3M,2025-12-01,2026-07-16,2026-07-16,,%,missing_at_source,2026-07-16T22:27:46.090694+00:00
2026-07-16T222746Z,C-US,FRED,DCPF3M,2025-12-02,2026-07-16,2026-07-16,3.89,%,ok,2026-07-16T22:27:46.090694+00:00
2026-07-16T222746Z,C-US,FRED,DCPF3M,2025-12-03,2026-07-16,2026-07-16,3.84,%,ok,2026-07-16T22:27:46.090694+00:00
2026-07-16T222746Z,C-US,FRED,DCPF3M,2025-12-04,2026-07-16,2026-07-16,3.79,%,ok,2026-07-16T22:27:46.090694+00:00
2026-07-16T222746Z,C-US,FRED,DCPF3M,2025-12-05,2026-07-16,2026-07-16,3.72,%,ok,2026-07-16T22:27:46.090694+00:00
2026-07-16T222746Z,C-US,FRED,DCPF3M,2025-12-08,2026-07-16,2026-07-16,3.75,%,ok,2026-07-16T22:27:46.090694+00:00
2026-07-16T222746Z,C-US,FRED,DCPF3M,2025-12-09,2026-07-16,2026-07-16,3.68,%,ok,2026-07-16T22:27:46.090694+00:00
2026-07-16T222746Z,C-US,FRED,DCPF3M,2025-12-10,2026-07-16,2026-07-16,3.72,%,ok,2026-07-16T22:27:46.090694+00:00
2026-07-16T222746Z,C-US,FRED,DCPF3M,2025-12-11,2026-07-16,2026-07-16,,%,missing_at_source,2026-07-16T22:27:46.090694+00:00
2026-07-16T222746Z,C-US,FRED,DCPF3M,2025-12-12,2026-07-16,2026-07-16,,%,missing_at_source,2026-07-16T22:27:46.090694+00:00
2026-07-16T222746Z,C-US,FRED,DCPF3M,2025-12-15,2026-07-16,2026-07-16,,%,missing_at_source,2026-07-16T22:27:46.090694+00:00
2026-07-16T222746Z,C-US,FRED,DCPF3M,2025-12-16,2026-07-16,2026-07-16,3.81,%,ok,2026-07-16T22:27:46.090694+00:00
2026-07-16T222746Z,C-US,FRED,DCPF3M,2025-12-17,2026-07-16,2026-07-16,3.59,%,ok,2026-07-16T22:27:46.090694+00:00
2026-07-16T222746Z,C-US,FRED,DCPF3M,2025-12-18,2026-07-16,2026-07-16,3.7,%,ok,2026-07-16T22:27:46.090694+00:00
2026-07-16T222746Z,C-US,FRED,DCPF3M,2025-12-19,2026-07-16,2026-07-16,,%,missing_at_source,2026-07-16T22:27:46.090694+00:00
2026-07-16T222746Z,C-US,FRED,DCPF3M,2025-12-22,2026-07-16,2026-07-16,,%,missing_at_source,2026-07-16T22:27:46.090694+00:00
2026-07-16T222746Z,C-US,FRED,DCPF3M,2025-12-23,2026-07-16,2026-07-16,3.66,%,ok,2026-07-16T22:27:46.090694+00:00
2026-07-16T222746Z,C-US,FRED,DCPF3M,2025-12-24,2026-07-16,2026-07-16,,%,missing_at_source,2026-07-16T22:27:46.090694+00:00
2026-07-16T222746Z,C-US,FRED,DCPF3M,2025-12-25,2026-07-16,2026-07-16,,%,missing_at_source,2026-07-16T22:27:46.090694+00:00
2026-07-16T222746Z,C-US,FRED,DCPF3M,2025-12-26,2026-07-16,2026-07-16,,%,missing_at_source,2026-07-16T22:27:46.090694+00:00
2026-07-16T222746Z,C-US,FRED,DCPF3M,2025-12-29,2026-07-16,2026-07-16,,%,missing_at_source,2026-07-16T22:27:46.090694+00:00
2026-07-16T222746Z,C-US,FRED,DCPF3M,2025-12-30,2026-07-16,2026-07-16,3.7,%,ok,2026-07-16T22:27:46.090694+00:00
2026-07-16T222746Z,C-US,FRED,DCPF3M,2025-12-31,2026-07-16,2026-07-16,,%,missing_at_source,2026-07-16T22:27:46.090694+00:00
2026-07-16T222746Z,C-US,FRED,DCPF3M,2026-01-01,2026-07-16,2026-07-16,,%,missing_at_source,2026-07-16T22:27:46.090694+00:00
2026-07-16T222746Z,C-US,FRED,DCPF3M,2026-01-02,2026-07-16,2026-07-16,,%,missing_at_source,2026-07-16T22:27:46.090694+00:00
2026-07-16T222746Z,C-US,FRED,DCPF3M,2026-01-05,2026-07-16,2026-07-16,,%,missing_at_source,2026-07-16T22:27:46.090694+00:00
2026-07-16T222746Z,C-US,FRED,DCPF3M,2026-01-06,2026-07-16,2026-07-16,3.66,%,ok,2026-07-16T22:27:46.090694+00:00
2026-07-16T222746Z,C-US,FRED,DCPF3M,2026-01-07,2026-07-16,2026-07-16,3.64,%,ok,2026-07-16T22:27:46.090694+00:00
2026-07-16T222746Z,C-US,FRED,DCPF3M,2026-01-08,2026-07-16,2026-07-16,,%,missing_at_source,2026-07-16T22:27:46.090694+00:00
2026-07-16T222746Z,C-US,FRED,DCPF3M,2026-01-09,2026-07-16,2026-07-16,,%,missing_at_source,2026-07-16T22:27:46.090694+00:00
2026-07-16T222746Z,C-US,FRED,DCPF3M,2026-01-12,2026-07-16,2026-07-16,,%,missing_at_source,2026-07-16T22:27:46.090694+00:00
2026-07-16T222746Z,C-US,FRED,DCPF3M,2026-01-13,2026-07-16,2026-07-16,3.58,%,ok,2026-07-16T22:27:46.090694+00:00
2026-07-16T222746Z,C-US,FRED,DCPF3M,2026-01-14,2026-07-16,2026-07-16,,%,missing_at_source,2026-07-16T22:27:46.090694+00:00
2026-07-16T222746Z,C-US,FRED,DCPF3M,2026-01-15,2026-07-16,2026-07-16,3.67,%,ok,2026-07-16T22:27:46.090694+00:00
2026-07-16T222746Z,C-US,FRED,DCPF3M,2026-01-16,2026-07-16,2026-07-16,,%,missing_at_source,2026-07-16T22:27:46.090694+00:00
2026-07-16T222746Z,C-US,FRED,DCPF3M,2026-01-19,2026-07-16,2026-07-16,,%,missing_at_source,2026-07-16T22:27:46.090694+00:00
2026-07-16T222746Z,C-US,FRED,DCPF3M,2026-01-20,2026-07-16,2026-07-16,,%,missing_at_source,2026-07-16T22:27:46.090694+00:00
2026-07-16T222746Z,C-US,FRED,DCPF3M,2026-01-21,2026-07-16,2026-07-16,3.58,%,ok,2026-07-16T22:27:46.090694+00:00
2026-07-16T222746Z,C-US,FRED,DCPF3M,2026-01-22,2026-07-16,2026-07-16,3.67,%,ok,2026-07-16T22:27:46.090694+00:00
2026-07-16T222746Z,C-US,FRED,DCPF3M,2026-01-23,2026-07-16,2026-07-16,,%,missing_at_source,2026-07-16T22:27:46.090694+00:00
2026-07-16T222746Z,C-US,FRED,DCPF3M,2026-01-26,2026-07-16,2026-07-16,3.57,%,ok,2026-07-16T22:27:46.090694+00:00
2026-07-16T222746Z,C-US,FRED,DCPF3M,2026-01-27,2026-07-16,2026-07-16,,%,missing_at_source,2026-07-16T22:27:46.090694+00:00
2026-07-16T222746Z,C-US,FRED,DCPF3M,2026-01-28,2026-07-16,2026-07-16,3.67,%,ok,2026-07-16T22:27:46.090694+00:00
2026-07-16T222746Z,C-US,FRED,DCPF3M,2026-01-29,2026-07-16,2026-07-16,,%,missing_at_source,2026-07-16T22:27:46.090694+00:00
2026-07-16T222746Z,C-US,FRED,DCPF3M,2026-01-30,2026-07-16,2026-07-16,,%,missing_at_source,2026-07-16T22:27:46.090694+00:00
2026-07-16T222746Z,C-US,FRED,DCPF3M,2026-02-02,2026-07-16,2026-07-16,,%,missing_at_source,2026-07-16T22:27:46.090694+00:00
2026-07-16T222746Z,C-US,FRED,DCPF3M,2026-02-03,2026-07-16,2026-07-16,,%,missing_at_source,2026-07-16T22:27:46.090694+00:00
2026-07-16T222746Z,C-US,FRED,DCPF3M,2026-02-04,2026-07-16,2026-07-16,3.62,%,ok,2026-07-16T22:27:46.090694+00:00
2026-07-16T222746Z,C-US,FRED,DCPF3M,2026-02-05,2026-07-16,2026-07-16,3.7,%,ok,2026-07-16T22:27:46.090694+00:00
2026-07-16T222746Z,C-US,FRED,DCPF3M,2026-02-06,2026-07-16,2026-07-16,3.63,%,ok,2026-07-16T22:27:46.090694+00:00
2026-07-16T222746Z,C-US,FRED,DCPF3M,2026-02-09,2026-07-16,2026-07-16,3.73,%,ok,2026-07-16T22:27:46.090694+00:00
2026-07-16T222746Z,C-US,FRED,DCPF3M,2026-02-10,2026-07-16,2026-07-16,3.64,%,ok,2026-07-16T22:27:46.090694+00:00
2026-07-16T222746Z,C-US,FRED,DCPF3M,2026-02-11,2026-07-16,2026-07-16,,%,missing_at_source,2026-07-16T22:27:46.090694+00:00
2026-07-16T222746Z,C-US,FRED,DCPF3M,2026-02-12,2026-07-16,2026-07-16,3.62,%,ok,2026-07-16T22:27:46.090694+00:00
2026-07-16T222746Z,C-US,FRED,DCPF3M,2026-02-13,2026-07-16,2026-07-16,3.66,%,ok,2026-07-16T22:27:46.090694+00:00
2026-07-16T222746Z,C-US,FRED,DCPF3M,2026-02-16,2026-07-16,2026-07-16,,%,missing_at_source,2026-07-16T22:27:46.090694+00:00
2026-07-16T222746Z,C-US,FRED,DCPF3M,2026-02-17,2026-07-16,2026-07-16,,%,missing_at_source,2026-07-16T22:27:46.090694+00:00
2026-07-16T222746Z,C-US,FRED,DCPF3M,2026-02-18,2026-07-16,2026-07-16,,%,missing_at_source,2026-07-16T22:27:46.090694+00:00
2026-07-16T222746Z,C-US,FRED,DCPF3M,2026-02-19,2026-07-16,2026-07-16,,%,missing_at_source,2026-07-16T22:27:46.090694+00:00
2026-07-16T222746Z,C-US,FRED,DCPF3M,2026-02-20,2026-07-16,2026-07-16,,%,missing_at_source,2026-07-16T22:27:46.090694+00:00
2026-07-16T222746Z,C-US,FRED,DCPF3M,2026-02-23,2026-07-16,2026-07-16,,%,missing_at_source,2026-07-16T22:27:46.090694+00:00
2026-07-16T222746Z,C-US,FRED,DCPF3M,2026-02-24,2026-07-16,2026-07-16,,%,missing_at_source,2026-07-16T22:27:46.090694+00:00
2026-07-16T222746Z,C-US,FRED,DCPF3M,2026-02-25,2026-07-16,2026-07-16,3.66,%,ok,2026-07-16T22:27:46.090694+00:00
2026-07-16T222746Z,C-US,FRED,DCPF3M,2026-02-26,2026-07-16,2026-07-16,,%,missing_at_source,2026-07-16T22:27:46.090694+00:00
2026-07-16T222746Z,C-US,FRED,DCPF3M,2026-02-27,2026-07-16,2026-07-16,3.69,%,ok,2026-07-16T22:27:46.090694+00:00
2026-07-16T222746Z,C-US,FRED,DCPF3M,2026-03-02,2026-07-16,2026-07-16,3.68,%,ok,2026-07-16T22:27:46.090694+00:00
2026-07-16T222746Z,C-US,FRED,DCPF3M,2026-03-03,2026-07-16,2026-07-16,3.67,%,ok,2026-07-16T22:27:46.090694+00:00
2026-07-16T222746Z,C-US,FRED,DCPF3M,2026-03-04,2026-07-16,2026-07-16,3.66,%,ok,2026-07-16T22:27:46.090694+00:00
2026-07-16T222746Z,C-US,FRED,DCPF3M,2026-03-05,2026-07-16,2026-07-16,3.63,%,ok,2026-07-16T22:27:46.090694+00:00
2026-07-16T222746Z,C-US,FRED,DCPF3M,2026-03-06,2026-07-16,2026-07-16,,%,missing_at_source,2026-07-16T22:27:46.090694+00:00
2026-07-16T222746Z,C-US,FRED,DCPF3M,2026-03-09,2026-07-16,2026-07-16,3.68,%,ok,2026-07-16T22:27:46.090694+00:00
2026-07-16T222746Z,C-US,FRED,DCPF3M,2026-03-10,2026-07-16,2026-07-16,,%,missing_at_source,2026-07-16T22:27:46.090694+00:00
2026-07-16T222746Z,C-US,FRED,DCPF3M,2026-03-11,2026-07-16,2026-07-16,3.68,%,ok,2026-07-16T22:27:46.090694+00:00
2026-07-16T222746Z,C-US,FRED,DCPF3M,2026-03-12,2026-07-16,2026-07-16,,%,missing_at_source,2026-07-16T22:27:46.090694+00:00
2026-07-16T222746Z,C-US,FRED,DCPF3M,2026-03-13,2026-07-16,2026-07-16,,%,missing_at_source,2026-07-16T22:27:46.090694+00:00
2026-07-16T222746Z,C-US,FRED,DCPF3M,2026-03-16,2026-07-16,2026-07-16,3.75,%,ok,2026-07-16T22:27:46.090694+00:00
2026-07-16T222746Z,C-US,FRED,DCPF3M,2026-03-17,2026-07-16,2026-07-16,3.73,%,ok,2026-07-16T22:27:46.090694+00:00
2026-07-16T222746Z,C-US,FRED,DCPF3M,2026-03-18,2026-07-16,2026-07-16,3.66,%,ok,2026-07-16T22:27:46.090694+00:00
2026-07-16T222746Z,C-US,FRED,DCPF3M,2026-03-19,2026-07-16,2026-07-16,,%,missing_at_source,2026-07-16T22:27:46.090694+00:00
2026-07-16T222746Z,C-US,FRED,DCPF3M,2026-03-20,2026-07-16,2026-07-16,,%,missing_at_source,2026-07-16T22:27:46.090694+00:00
2026-07-16T222746Z,C-US,FRED,DCPF3M,2026-03-23,2026-07-16,2026-07-16,,%,missing_at_source,2026-07-16T22:27:46.090694+00:00
2026-07-16T222746Z,C-US,FRED,DCPF3M,2026-03-24,2026-07-16,2026-07-16,3.77,%,ok,2026-07-16T22:27:46.090694+00:00
2026-07-16T222746Z,C-US,FRED,DCPF3M,2026-03-25,2026-07-16,2026-07-16,,%,missing_at_source,2026-07-16T22:27:46.090694+00:00
2026-07-16T222746Z,C-US,FRED,DCPF3M,2026-03-26,2026-07-16,2026-07-16,,%,missing_at_source,2026-07-16T22:27:46.090694+00:00
2026-07-16T222746Z,C-US,FRED,DCPF3M,2026-03-27,2026-07-16,2026-07-16,,%,missing_at_source,2026-07-16T22:27:46.090694+00:00
2026-07-16T222746Z,C-US,FRED,DCPF3M,2026-03-30,2026-07-16,2026-07-16,,%,missing_at_source,2026-07-16T22:27:46.090694+00:00
2026-07-16T222746Z,C-US,FRED,DCPF3M,2026-03-31,2026-07-16,2026-07-16,,%,missing_at_source,2026-07-16T22:27:46.090694+00:00
2026-07-16T222746Z,C-US,FRED,DCPF3M,2026-04-01,2026-07-16,2026-07-16,3.9,%,ok,2026-07-16T22:27:46.090694+00:00
2026-07-16T222746Z,C-US,FRED,DCPF3M,2026-04-02,2026-07-16,2026-07-16,3.73,%,ok,2026-07-16T22:27:46.090694+00:00
2026-07-16T222746Z,C-US,FRED,DCPF3M,2026-04-03,2026-07-16,2026-07-16,,%,missing_at_source,2026-07-16T22:27:46.090694+00:00
2026-07-16T222746Z,C-US,FRED,DCPF3M,2026-04-06,2026-07-16,2026-07-16,,%,missing_at_source,2026-07-16T22:27:46.090694+00:00
2026-07-16T222746Z,C-US,FRED,DCPF3M,2026-04-07,2026-07-16,2026-07-16,3.74,%,ok,2026-07-16T22:27:46.090694+00:00
2026-07-16T222746Z,C-US,FRED,DCPF3M,2026-04-08,2026-07-16,2026-07-16,3.74,%,ok,2026-07-16T22:27:46.090694+00:00
2026-07-16T222746Z,C-US,FRED,DCPF3M,2026-04-09,2026-07-16,2026-07-16,3.73,%,ok,2026-07-16T22:27:46.090694+00:00
2026-07-16T222746Z,C-US,FRED,DCPF3M,2026-04-10,2026-07-16,2026-07-16,,%,missing_at_source,2026-07-16T22:27:46.090694+00:00
2026-07-16T222746Z,C-US,FRED,DCPF3M,2026-04-13,2026-07-16,2026-07-16,3.72,%,ok,2026-07-16T22:27:46.090694+00:00
2026-07-16T222746Z,C-US,FRED,DCPF3M,2026-04-14,2026-07-16,2026-07-16,3.82,%,ok,2026-07-16T22:27:46.090694+00:00
2026-07-16T222746Z,C-US,FRED,DCPF3M,2026-04-15,2026-07-16,2026-07-16,,%,missing_at_source,2026-07-16T22:27:46.090694+00:00
2026-07-16T222746Z,C-US,FRED,DCPF3M,2026-04-16,2026-07-16,2026-07-16,3.79,%,ok,2026-07-16T22:27:46.090694+00:00
2026-07-16T222746Z,C-US,FRED,DCPF3M,2026-04-17,2026-07-16,2026-07-16,3.74,%,ok,2026-07-16T22:27:46.090694+00:00
2026-07-16T222746Z,C-US,FRED,DCPF3M,2026-04-20,2026-07-16,2026-07-16,3.71,%,ok,2026-07-16T22:27:46.090694+00:00
2026-07-16T222746Z,C-US,FRED,DCPF3M,2026-04-21,2026-07-16,2026-07-16,,%,missing_at_source,2026-07-16T22:27:46.090694+00:00
2026-07-16T222746Z,C-US,FRED,DCPF3M,2026-04-22,2026-07-16,2026-07-16,,%,missing_at_source,2026-07-16T22:27:46.090694+00:00
2026-07-16T222746Z,C-US,FRED,DCPF3M,2026-04-23,2026-07-16,2026-07-16,3.73,%,ok,2026-07-16T22:27:46.090694+00:00
2026-07-16T222746Z,C-US,FRED,DCPF3M,2026-04-24,2026-07-16,2026-07-16,,%,missing_at_source,2026-07-16T22:27:46.090694+00:00
2026-07-16T222746Z,C-US,FRED,DCPF3M,2026-04-27,2026-07-16,2026-07-16,3.81,%,ok,2026-07-16T22:27:46.090694+00:00
2026-07-16T222746Z,C-US,FRED,DCPF3M,2026-04-28,2026-07-16,2026-07-16,3.81,%,ok,2026-07-16T22:27:46.090694+00:00
2026-07-16T222746Z,C-US,FRED,DCPF3M,2026-04-29,2026-07-16,2026-07-16,,%,missing_at_source,2026-07-16T22:27:46.090694+00:00
2026-07-16T222746Z,C-US,FRED,DCPF3M,2026-04-30,2026-07-16,2026-07-16,,%,missing_at_source,2026-07-16T22:27:46.090694+00:00
2026-07-16T222746Z,C-US,FRED,DCPF3M,2026-05-01,2026-07-16,2026-07-16,3.75,%,ok,2026-07-16T22:27:46.090694+00:00
2026-07-16T222746Z,C-US,FRED,DCPF3M,2026-05-04,2026-07-16,2026-07-16,3.73,%,ok,2026-07-16T22:27:46.090694+00:00
2026-07-16T222746Z,C-US,FRED,DCPF3M,2026-05-05,2026-07-16,2026-07-16,,%,missing_at_source,2026-07-16T22:27:46.090694+00:00
2026-07-16T222746Z,C-US,FRED,DCPF3M,2026-05-06,2026-07-16,2026-07-16,3.69,%,ok,2026-07-16T22:27:46.090694+00:00
2026-07-16T222746Z,C-US,FRED,DCPF3M,2026-05-07,2026-07-16,2026-07-16,3.67,%,ok,2026-07-16T22:27:46.090694+00:00
2026-07-16T222746Z,C-US,FRED,DCPF3M,2026-05-08,2026-07-16,2026-07-16,,%,missing_at_source,2026-07-16T22:27:46.090694+00:00
2026-07-16T222746Z,C-US,FRED,DCPF3M,2026-05-11,2026-07-16,2026-07-16,,%,missing_at_source,2026-07-16T22:27:46.090694+00:00
2026-07-16T222746Z,C-US,FRED,DCPF3M,2026-05-12,2026-07-16,2026-07-16,,%,missing_at_source,2026-07-16T22:27:46.090694+00:00
2026-07-16T222746Z,C-US,FRED,DCPF3M,2026-05-13,2026-07-16,2026-07-16,3.72,%,ok,2026-07-16T22:27:46.090694+00:00
2026-07-16T222746Z,C-US,FRED,DCPF3M,2026-05-14,2026-07-16,2026-07-16,,%,missing_at_source,2026-07-16T22:27:46.090694+00:00
2026-07-16T222746Z,C-US,FRED,DCPF3M,2026-05-15,2026-07-16,2026-07-16,,%,missing_at_source,2026-07-16T22:27:46.090694+00:00
2026-07-16T222746Z,C-US,FRED,DCPF3M,2026-05-18,2026-07-16,2026-07-16,,%,missing_at_source,2026-07-16T22:27:46.090694+00:00
2026-07-16T222746Z,C-US,FRED,DCPF3M,2026-05-19,2026-07-16,2026-07-16,,%,missing_at_source,2026-07-16T22:27:46.090694+00:00
2026-07-16T222746Z,C-US,FRED,DCPF3M,2026-05-20,2026-07-16,2026-07-16,,%,missing_at_source,2026-07-16T22:27:46.090694+00:00
2026-07-16T222746Z,C-US,FRED,DCPF3M,2026-05-21,2026-07-16,2026-07-16,3.69,%,ok,2026-07-16T22:27:46.090694+00:00
2026-07-16T222746Z,C-US,FRED,DCPF3M,2026-05-22,2026-07-16,2026-07-16,3.75,%,ok,2026-07-16T22:27:46.090694+00:00
2026-07-16T222746Z,C-US,FRED,DCPF3M,2026-05-25,2026-07-16,2026-07-16,,%,missing_at_source,2026-07-16T22:27:46.090694+00:00
2026-07-16T222746Z,C-US,FRED,DCPF3M,2026-05-26,2026-07-16,2026-07-16,,%,missing_at_source,2026-07-16T22:27:46.090694+00:00
2026-07-16T222746Z,C-US,FRED,DCPF3M,2026-05-27,2026-07-16,2026-07-16,3.74,%,ok,2026-07-16T22:27:46.090694+00:00
2026-07-16T222746Z,C-US,FRED,DCPF3M,2026-05-28,2026-07-16,2026-07-16,,%,missing_at_source,2026-07-16T22:27:46.090694+00:00
2026-07-16T222746Z,C-US,FRED,DCPF3M,2026-05-29,2026-07-16,2026-07-16,,%,missing_at_source,2026-07-16T22:27:46.090694+00:00
2026-07-16T222746Z,C-US,FRED,DCPF3M,2026-06-01,2026-07-16,2026-07-16,3.7,%,ok,2026-07-16T22:27:46.090694+00:00
2026-07-16T222746Z,C-US,FRED,DCPF3M,2026-06-02,2026-07-16,2026-07-16,3.7,%,ok,2026-07-16T22:27:46.090694+00:00
2026-07-16T222746Z,C-US,FRED,DCPF3M,2026-06-03,2026-07-16,2026-07-16,3.72,%,ok,2026-07-16T22:27:46.090694+00:00
2026-07-16T222746Z,C-US,FRED,DCPF3M,2026-06-04,2026-07-16,2026-07-16,3.73,%,ok,2026-07-16T22:27:46.090694+00:00
2026-07-16T222746Z,C-US,FRED,DCPF3M,2026-06-05,2026-07-16,2026-07-16,3.74,%,ok,2026-07-16T22:27:46.090694+00:00
2026-07-16T222746Z,C-US,FRED,DCPF3M,2026-06-08,2026-07-16,2026-07-16,3.65,%,ok,2026-07-16T22:27:46.090694+00:00
2026-07-16T222746Z,C-US,FRED,DCPF3M,2026-06-09,2026-07-16,2026-07-16,,%,missing_at_source,2026-07-16T22:27:46.090694+00:00
2026-07-16T222746Z,C-US,FRED,DCPF3M,2026-06-10,2026-07-16,2026-07-16,3.72,%,ok,2026-07-16T22:27:46.090694+00:00
2026-07-16T222746Z,C-US,FRED,DCPF3M,2026-06-11,2026-07-16,2026-07-16,3.76,%,ok,2026-07-16T22:27:46.090694+00:00
2026-07-16T222746Z,C-US,FRED,DCPF3M,2026-06-12,2026-07-16,2026-07-16,,%,missing_at_source,2026-07-16T22:27:46.090694+00:00
2026-07-16T222746Z,C-US,FRED,DCPF3M,2026-06-15,2026-07-16,2026-07-16,,%,missing_at_source,2026-07-16T22:27:46.090694+00:00
2026-07-16T222746Z,C-US,FRED,DCPF3M,2026-06-16,2026-07-16,2026-07-16,3.76,%,ok,2026-07-16T22:27:46.090694+00:00
2026-07-16T222746Z,C-US,FRED,DCPF3M,2026-06-17,2026-07-16,2026-07-16,3.76,%,ok,2026-07-16T22:27:46.090694+00:00
2026-07-16T222746Z,C-US,FRED,DCPF3M,2026-06-18,2026-07-16,2026-07-16,3.84,%,ok,2026-07-16T22:27:46.090694+00:00
2026-07-16T222746Z,C-US,FRED,DCPF3M,2026-06-19,2026-07-16,2026-07-16,,%,missing_at_source,2026-07-16T22:27:46.090694+00:00
2026-07-16T222746Z,C-US,FRED,DCPF3M,2026-06-22,2026-07-16,2026-07-16,3.8,%,ok,2026-07-16T22:27:46.090694+00:00
2026-07-16T222746Z,C-US,FRED,DCPF3M,2026-06-23,2026-07-16,2026-07-16,3.82,%,ok,2026-07-16T22:27:46.090694+00:00
2026-07-16T222746Z,C-US,FRED,DCPF3M,2026-06-24,2026-07-16,2026-07-16,,%,missing_at_source,2026-07-16T22:27:46.090694+00:00
2026-07-16T222746Z,C-US,FRED,DCPF3M,2026-06-25,2026-07-16,2026-07-16,,%,missing_at_source,2026-07-16T22:27:46.090694+00:00
2026-07-16T222746Z,C-US,FRED,DCPF3M,2026-06-26,2026-07-16,2026-07-16,3.81,%,ok,2026-07-16T22:27:46.090694+00:00
2026-07-16T222746Z,C-US,FRED,DCPF3M,2026-06-29,2026-07-16,2026-07-16,3.8,%,ok,2026-07-16T22:27:46.090694+00:00
2026-07-16T222746Z,C-US,FRED,DCPF3M,2026-06-30,2026-07-16,2026-07-16,3.93,%,ok,2026-07-16T22:27:46.090694+00:00
2026-07-16T222746Z,C-US,FRED,DCPF3M,2026-07-01,2026-07-16,2026-07-16,3.89,%,ok,2026-07-16T22:27:46.090694+00:00
2026-07-16T222746Z,C-US,FRED,DCPF3M,2026-07-02,2026-07-16,2026-07-16,3.84,%,ok,2026-07-16T22:27:46.090694+00:00
2026-07-16T222746Z,C-US,FRED,DCPF3M,2026-07-03,2026-07-16,2026-07-16,,%,missing_at_source,2026-07-16T22:27:46.090694+00:00
2026-07-16T222746Z,C-US,FRED,DCPF3M,2026-07-06,2026-07-16,2026-07-16,3.76,%,ok,2026-07-16T22:27:46.090694+00:00
2026-07-16T222746Z,C-US,FRED,DCPF3M,2026-07-07,2026-07-16,2026-07-16,,%,missing_at_source,2026-07-16T22:27:46.090694+00:00
2026-07-16T222746Z,C-US,FRED,DCPF3M,2026-07-08,2026-07-16,2026-07-16,3.8,%,ok,2026-07-16T22:27:46.090694+00:00
2026-07-16T222746Z,C-US,FRED,DTB3,2025-09-19,2026-07-16,2026-07-16,3.89,%,ok,2026-07-16T22:27:46.465555+00:00
2026-07-16T222746Z,C-US,FRED,DTB3,2025-09-22,2026-07-16,2026-07-16,3.86,%,ok,2026-07-16T22:27:46.465555+00:00
2026-07-16T222746Z,C-US,FRED,DTB3,2025-09-23,2026-07-16,2026-07-16,3.86,%,ok,2026-07-16T22:27:46.465555+00:00
2026-07-16T222746Z,C-US,FRED,DTB3,2025-09-24,2026-07-16,2026-07-16,3.87,%,ok,2026-07-16T22:27:46.465555+00:00
2026-07-16T222746Z,C-US,FRED,DTB3,2025-09-25,2026-07-16,2026-07-16,3.89,%,ok,2026-07-16T22:27:46.465555+00:00
2026-07-16T222746Z,C-US,FRED,DTB3,2025-09-26,2026-07-16,2026-07-16,3.87,%,ok,2026-07-16T22:27:46.465555+00:00
2026-07-16T222746Z,C-US,FRED,DTB3,2025-09-29,2026-07-16,2026-07-16,3.86,%,ok,2026-07-16T22:27:46.465555+00:00
2026-07-16T222746Z,C-US,FRED,DTB3,2025-09-30,2026-07-16,2026-07-16,3.86,%,ok,2026-07-16T22:27:46.465555+00:00
2026-07-16T222746Z,C-US,FRED,DTB3,2025-10-01,2026-07-16,2026-07-16,3.85,%,ok,2026-07-16T22:27:46.465555+00:00
2026-07-16T222746Z,C-US,FRED,DTB3,2025-10-02,2026-07-16,2026-07-16,3.86,%,ok,2026-07-16T22:27:46.465555+00:00
2026-07-16T222746Z,C-US,FRED,DTB3,2025-10-03,2026-07-16,2026-07-16,3.87,%,ok,2026-07-16T22:27:46.465555+00:00
2026-07-16T222746Z,C-US,FRED,DTB3,2025-10-06,2026-07-16,2026-07-16,3.86,%,ok,2026-07-16T22:27:46.465555+00:00
2026-07-16T222746Z,C-US,FRED,DTB3,2025-10-07,2026-07-16,2026-07-16,3.85,%,ok,2026-07-16T22:27:46.465555+00:00
2026-07-16T222746Z,C-US,FRED,DTB3,2025-10-08,2026-07-16,2026-07-16,3.85,%,ok,2026-07-16T22:27:46.465555+00:00
2026-07-16T222746Z,C-US,FRED,DTB3,2025-10-09,2026-07-16,2026-07-16,3.87,%,ok,2026-07-16T22:27:46.465555+00:00
2026-07-16T222746Z,C-US,FRED,DTB3,2025-10-10,2026-07-16,2026-07-16,3.86,%,ok,2026-07-16T22:27:46.465555+00:00
2026-07-16T222746Z,C-US,FRED,DTB3,2025-10-13,2026-07-16,2026-07-16,,%,missing_at_source,2026-07-16T22:27:46.465555+00:00
2026-07-16T222746Z,C-US,FRED,DTB3,2025-10-14,2026-07-16,2026-07-16,3.85,%,ok,2026-07-16T22:27:46.465555+00:00
2026-07-16T222746Z,C-US,FRED,DTB3,2025-10-15,2026-07-16,2026-07-16,3.87,%,ok,2026-07-16T22:27:46.465555+00:00
2026-07-16T222746Z,C-US,FRED,DTB3,2025-10-16,2026-07-16,2026-07-16,3.86,%,ok,2026-07-16T22:27:46.465555+00:00
2026-07-16T222746Z,C-US,FRED,DTB3,2025-10-17,2026-07-16,2026-07-16,3.84,%,ok,2026-07-16T22:27:46.465555+00:00
2026-07-16T222746Z,C-US,FRED,DTB3,2025-10-20,2026-07-16,2026-07-16,3.81,%,ok,2026-07-16T22:27:46.465555+00:00
2026-07-16T222746Z,C-US,FRED,DTB3,2025-10-21,2026-07-16,2026-07-16,3.8,%,ok,2026-07-16T22:27:46.465555+00:00
2026-07-16T222746Z,C-US,FRED,DTB3,2025-10-22,2026-07-16,2026-07-16,3.8,%,ok,2026-07-16T22:27:46.465555+00:00
2026-07-16T222746Z,C-US,FRED,DTB3,2025-10-23,2026-07-16,2026-07-16,3.8,%,ok,2026-07-16T22:27:46.465555+00:00
2026-07-16T222746Z,C-US,FRED,DTB3,2025-10-24,2026-07-16,2026-07-16,3.77,%,ok,2026-07-16T22:27:46.465555+00:00
2026-07-16T222746Z,C-US,FRED,DTB3,2025-10-27,2026-07-16,2026-07-16,3.73,%,ok,2026-07-16T22:27:46.465555+00:00
2026-07-16T222746Z,C-US,FRED,DTB3,2025-10-28,2026-07-16,2026-07-16,3.73,%,ok,2026-07-16T22:27:46.465555+00:00
2026-07-16T222746Z,C-US,FRED,DTB3,2025-10-29,2026-07-16,2026-07-16,3.77,%,ok,2026-07-16T22:27:46.465555+00:00
2026-07-16T222746Z,C-US,FRED,DTB3,2025-10-30,2026-07-16,2026-07-16,3.76,%,ok,2026-07-16T22:27:46.465555+00:00
2026-07-16T222746Z,C-US,FRED,DTB3,2025-10-31,2026-07-16,2026-07-16,3.73,%,ok,2026-07-16T22:27:46.465555+00:00
2026-07-16T222746Z,C-US,FRED,DTB3,2025-11-03,2026-07-16,2026-07-16,3.82,%,ok,2026-07-16T22:27:46.465555+00:00
2026-07-16T222746Z,C-US,FRED,DTB3,2025-11-04,2026-07-16,2026-07-16,3.8,%,ok,2026-07-16T22:27:46.465555+00:00
2026-07-16T222746Z,C-US,FRED,DTB3,2025-11-05,2026-07-16,2026-07-16,3.8,%,ok,2026-07-16T22:27:46.465555+00:00
2026-07-16T222746Z,C-US,FRED,DTB3,2025-11-06,2026-07-16,2026-07-16,3.77,%,ok,2026-07-16T22:27:46.465555+00:00
2026-07-16T222746Z,C-US,FRED,DTB3,2025-11-07,2026-07-16,2026-07-16,3.77,%,ok,2026-07-16T22:27:46.465555+00:00
2026-07-16T222746Z,C-US,FRED,DTB3,2025-11-10,2026-07-16,2026-07-16,3.79,%,ok,2026-07-16T22:27:46.465555+00:00
2026-07-16T222746Z,C-US,FRED,DTB3,2025-11-11,2026-07-16,2026-07-16,,%,missing_at_source,2026-07-16T22:27:46.465555+00:00
2026-07-16T222746Z,C-US,FRED,DTB3,2025-11-12,2026-07-16,2026-07-16,3.79,%,ok,2026-07-16T22:27:46.465555+00:00
2026-07-16T222746Z,C-US,FRED,DTB3,2025-11-13,2026-07-16,2026-07-16,3.8,%,ok,2026-07-16T22:27:46.465555+00:00
2026-07-16T222746Z,C-US,FRED,DTB3,2025-11-14,2026-07-16,2026-07-16,3.8,%,ok,2026-07-16T22:27:46.465555+00:00
2026-07-16T222746Z,C-US,FRED,DTB3,2025-11-17,2026-07-16,2026-07-16,3.8,%,ok,2026-07-16T22:27:46.465555+00:00
2026-07-16T222746Z,C-US,FRED,DTB3,2025-11-18,2026-07-16,2026-07-16,3.78,%,ok,2026-07-16T22:27:46.465555+00:00
2026-07-16T222746Z,C-US,FRED,DTB3,2025-11-19,2026-07-16,2026-07-16,3.79,%,ok,2026-07-16T22:27:46.465555+00:00
2026-07-16T222746Z,C-US,FRED,DTB3,2025-11-20,2026-07-16,2026-07-16,3.78,%,ok,2026-07-16T22:27:46.465555+00:00
2026-07-16T222746Z,C-US,FRED,DTB3,2025-11-21,2026-07-16,2026-07-16,3.75,%,ok,2026-07-16T22:27:46.465555+00:00
2026-07-16T222746Z,C-US,FRED,DTB3,2025-11-24,2026-07-16,2026-07-16,3.75,%,ok,2026-07-16T22:27:46.465555+00:00
2026-07-16T222746Z,C-US,FRED,DTB3,2025-11-25,2026-07-16,2026-07-16,3.74,%,ok,2026-07-16T22:27:46.465555+00:00
2026-07-16T222746Z,C-US,FRED,DTB3,2025-11-26,2026-07-16,2026-07-16,3.76,%,ok,2026-07-16T22:27:46.465555+00:00
2026-07-16T222746Z,C-US,FRED,DTB3,2025-11-27,2026-07-16,2026-07-16,,%,missing_at_source,2026-07-16T22:27:46.465555+00:00
2026-07-16T222746Z,C-US,FRED,DTB3,2025-11-28,2026-07-16,2026-07-16,3.73,%,ok,2026-07-16T22:27:46.465555+00:00
2026-07-16T222746Z,C-US,FRED,DTB3,2025-12-01,2026-07-16,2026-07-16,3.71,%,ok,2026-07-16T22:27:46.465555+00:00
2026-07-16T222746Z,C-US,FRED,DTB3,2025-12-02,2026-07-16,2026-07-16,3.68,%,ok,2026-07-16T22:27:46.465555+00:00
2026-07-16T222746Z,C-US,FRED,DTB3,2025-12-03,2026-07-16,2026-07-16,3.64,%,ok,2026-07-16T22:27:46.465555+00:00
2026-07-16T222746Z,C-US,FRED,DTB3,2025-12-04,2026-07-16,2026-07-16,3.63,%,ok,2026-07-16T22:27:46.465555+00:00
2026-07-16T222746Z,C-US,FRED,DTB3,2025-12-05,2026-07-16,2026-07-16,3.62,%,ok,2026-07-16T22:27:46.465555+00:00
2026-07-16T222746Z,C-US,FRED,DTB3,2025-12-08,2026-07-16,2026-07-16,3.64,%,ok,2026-07-16T22:27:46.465555+00:00
2026-07-16T222746Z,C-US,FRED,DTB3,2025-12-09,2026-07-16,2026-07-16,3.64,%,ok,2026-07-16T22:27:46.465555+00:00
2026-07-16T222746Z,C-US,FRED,DTB3,2025-12-10,2026-07-16,2026-07-16,3.6,%,ok,2026-07-16T22:27:46.465555+00:00
2026-07-16T222746Z,C-US,FRED,DTB3,2025-12-11,2026-07-16,2026-07-16,3.58,%,ok,2026-07-16T22:27:46.465555+00:00
2026-07-16T222746Z,C-US,FRED,DTB3,2025-12-12,2026-07-16,2026-07-16,3.54,%,ok,2026-07-16T22:27:46.465555+00:00
2026-07-16T222746Z,C-US,FRED,DTB3,2025-12-15,2026-07-16,2026-07-16,3.56,%,ok,2026-07-16T22:27:46.465555+00:00
2026-07-16T222746Z,C-US,FRED,DTB3,2025-12-16,2026-07-16,2026-07-16,3.56,%,ok,2026-07-16T22:27:46.465555+00:00
2026-07-16T222746Z,C-US,FRED,DTB3,2025-12-17,2026-07-16,2026-07-16,3.55,%,ok,2026-07-16T22:27:46.465555+00:00
2026-07-16T222746Z,C-US,FRED,DTB3,2025-12-18,2026-07-16,2026-07-16,3.53,%,ok,2026-07-16T22:27:46.465555+00:00
2026-07-16T222746Z,C-US,FRED,DTB3,2025-12-19,2026-07-16,2026-07-16,3.54,%,ok,2026-07-16T22:27:46.465555+00:00
2026-07-16T222746Z,C-US,FRED,DTB3,2025-12-22,2026-07-16,2026-07-16,3.56,%,ok,2026-07-16T22:27:46.465555+00:00
2026-07-16T222746Z,C-US,FRED,DTB3,2025-12-23,2026-07-16,2026-07-16,3.56,%,ok,2026-07-16T22:27:46.465555+00:00
2026-07-16T222746Z,C-US,FRED,DTB3,2025-12-24,2026-07-16,2026-07-16,3.6,%,ok,2026-07-16T22:27:46.465555+00:00
2026-07-16T222746Z,C-US,FRED,DTB3,2025-12-25,2026-07-16,2026-07-16,,%,missing_at_source,2026-07-16T22:27:46.465555+00:00
2026-07-16T222746Z,C-US,FRED,DTB3,2025-12-26,2026-07-16,2026-07-16,3.56,%,ok,2026-07-16T22:27:46.465555+00:00
2026-07-16T222746Z,C-US,FRED,DTB3,2025-12-29,2026-07-16,2026-07-16,3.57,%,ok,2026-07-16T22:27:46.465555+00:00
2026-07-16T222746Z,C-US,FRED,DTB3,2025-12-30,2026-07-16,2026-07-16,3.55,%,ok,2026-07-16T22:27:46.465555+00:00
2026-07-16T222746Z,C-US,FRED,DTB3,2025-12-31,2026-07-16,2026-07-16,3.57,%,ok,2026-07-16T22:27:46.465555+00:00
2026-07-16T222746Z,C-US,FRED,DTB3,2026-01-01,2026-07-16,2026-07-16,,%,missing_at_source,2026-07-16T22:27:46.465555+00:00
2026-07-16T222746Z,C-US,FRED,DTB3,2026-01-02,2026-07-16,2026-07-16,3.54,%,ok,2026-07-16T22:27:46.465555+00:00
2026-07-16T222746Z,C-US,FRED,DTB3,2026-01-05,2026-07-16,2026-07-16,3.54,%,ok,2026-07-16T22:27:46.465555+00:00
2026-07-16T222746Z,C-US,FRED,DTB3,2026-01-06,2026-07-16,2026-07-16,3.53,%,ok,2026-07-16T22:27:46.465555+00:00
2026-07-16T222746Z,C-US,FRED,DTB3,2026-01-07,2026-07-16,2026-07-16,3.52,%,ok,2026-07-16T22:27:46.465555+00:00
2026-07-16T222746Z,C-US,FRED,DTB3,2026-01-08,2026-07-16,2026-07-16,3.52,%,ok,2026-07-16T22:27:46.465555+00:00
2026-07-16T222746Z,C-US,FRED,DTB3,2026-01-09,2026-07-16,2026-07-16,3.52,%,ok,2026-07-16T22:27:46.465555+00:00
2026-07-16T222746Z,C-US,FRED,DTB3,2026-01-12,2026-07-16,2026-07-16,3.56,%,ok,2026-07-16T22:27:46.465555+00:00
2026-07-16T222746Z,C-US,FRED,DTB3,2026-01-13,2026-07-16,2026-07-16,3.57,%,ok,2026-07-16T22:27:46.465555+00:00
2026-07-16T222746Z,C-US,FRED,DTB3,2026-01-14,2026-07-16,2026-07-16,3.57,%,ok,2026-07-16T22:27:46.465555+00:00
2026-07-16T222746Z,C-US,FRED,DTB3,2026-01-15,2026-07-16,2026-07-16,3.57,%,ok,2026-07-16T22:27:46.465555+00:00
2026-07-16T222746Z,C-US,FRED,DTB3,2026-01-16,2026-07-16,2026-07-16,3.57,%,ok,2026-07-16T22:27:46.465555+00:00
2026-07-16T222746Z,C-US,FRED,DTB3,2026-01-19,2026-07-16,2026-07-16,,%,missing_at_source,2026-07-16T22:27:46.465555+00:00
2026-07-16T222746Z,C-US,FRED,DTB3,2026-01-20,2026-07-16,2026-07-16,3.59,%,ok,2026-07-16T22:27:46.465555+00:00
2026-07-16T222746Z,C-US,FRED,DTB3,2026-01-21,2026-07-16,2026-07-16,3.59,%,ok,2026-07-16T22:27:46.465555+00:00
2026-07-16T222746Z,C-US,FRED,DTB3,2026-01-22,2026-07-16,2026-07-16,3.6,%,ok,2026-07-16T22:27:46.465555+00:00
2026-07-16T222746Z,C-US,FRED,DTB3,2026-01-23,2026-07-16,2026-07-16,3.59,%,ok,2026-07-16T22:27:46.465555+00:00
2026-07-16T222746Z,C-US,FRED,DTB3,2026-01-26,2026-07-16,2026-07-16,3.59,%,ok,2026-07-16T22:27:46.465555+00:00
2026-07-16T222746Z,C-US,FRED,DTB3,2026-01-27,2026-07-16,2026-07-16,3.58,%,ok,2026-07-16T22:27:46.465555+00:00
2026-07-16T222746Z,C-US,FRED,DTB3,2026-01-28,2026-07-16,2026-07-16,3.59,%,ok,2026-07-16T22:27:46.465555+00:00
2026-07-16T222746Z,C-US,FRED,DTB3,2026-01-29,2026-07-16,2026-07-16,3.59,%,ok,2026-07-16T22:27:46.465555+00:00
2026-07-16T222746Z,C-US,FRED,DTB3,2026-01-30,2026-07-16,2026-07-16,3.58,%,ok,2026-07-16T22:27:46.465555+00:00
2026-07-16T222746Z,C-US,FRED,DTB3,2026-02-02,2026-07-16,2026-07-16,3.6,%,ok,2026-07-16T22:27:46.465555+00:00
2026-07-16T222746Z,C-US,FRED,DTB3,2026-02-03,2026-07-16,2026-07-16,3.6,%,ok,2026-07-16T22:27:46.465555+00:00
2026-07-16T222746Z,C-US,FRED,DTB3,2026-02-04,2026-07-16,2026-07-16,3.6,%,ok,2026-07-16T22:27:46.465555+00:00
2026-07-16T222746Z,C-US,FRED,DTB3,2026-02-05,2026-07-16,2026-07-16,3.59,%,ok,2026-07-16T22:27:46.465555+00:00
2026-07-16T222746Z,C-US,FRED,DTB3,2026-02-06,2026-07-16,2026-07-16,3.6,%,ok,2026-07-16T22:27:46.465555+00:00
2026-07-16T222746Z,C-US,FRED,DTB3,2026-02-09,2026-07-16,2026-07-16,3.6,%,ok,2026-07-16T22:27:46.465555+00:00
2026-07-16T222746Z,C-US,FRED,DTB3,2026-02-10,2026-07-16,2026-07-16,3.6,%,ok,2026-07-16T22:27:46.465555+00:00
2026-07-16T222746Z,C-US,FRED,DTB3,2026-02-11,2026-07-16,2026-07-16,3.61,%,ok,2026-07-16T22:27:46.465555+00:00
2026-07-16T222746Z,C-US,FRED,DTB3,2026-02-12,2026-07-16,2026-07-16,3.61,%,ok,2026-07-16T22:27:46.465555+00:00
2026-07-16T222746Z,C-US,FRED,DTB3,2026-02-13,2026-07-16,2026-07-16,3.6,%,ok,2026-07-16T22:27:46.465555+00:00
2026-07-16T222746Z,C-US,FRED,DTB3,2026-02-16,2026-07-16,2026-07-16,,%,missing_at_source,2026-07-16T22:27:46.465555+00:00
2026-07-16T222746Z,C-US,FRED,DTB3,2026-02-17,2026-07-16,2026-07-16,3.61,%,ok,2026-07-16T22:27:46.465555+00:00
2026-07-16T222746Z,C-US,FRED,DTB3,2026-02-18,2026-07-16,2026-07-16,3.61,%,ok,2026-07-16T22:27:46.465555+00:00
2026-07-16T222746Z,C-US,FRED,DTB3,2026-02-19,2026-07-16,2026-07-16,3.61,%,ok,2026-07-16T22:27:46.465555+00:00
2026-07-16T222746Z,C-US,FRED,DTB3,2026-02-20,2026-07-16,2026-07-16,3.6,%,ok,2026-07-16T22:27:46.465555+00:00
2026-07-16T222746Z,C-US,FRED,DTB3,2026-02-23,2026-07-16,2026-07-16,3.6,%,ok,2026-07-16T22:27:46.465555+00:00
2026-07-16T222746Z,C-US,FRED,DTB3,2026-02-24,2026-07-16,2026-07-16,3.6,%,ok,2026-07-16T22:27:46.465555+00:00
2026-07-16T222746Z,C-US,FRED,DTB3,2026-02-25,2026-07-16,2026-07-16,3.6,%,ok,2026-07-16T22:27:46.465555+00:00
2026-07-16T222746Z,C-US,FRED,DTB3,2026-02-26,2026-07-16,2026-07-16,3.6,%,ok,2026-07-16T22:27:46.465555+00:00
2026-07-16T222746Z,C-US,FRED,DTB3,2026-02-27,2026-07-16,2026-07-16,3.59,%,ok,2026-07-16T22:27:46.465555+00:00
2026-07-16T222746Z,C-US,FRED,DTB3,2026-03-02,2026-07-16,2026-07-16,3.61,%,ok,2026-07-16T22:27:46.465555+00:00
2026-07-16T222746Z,C-US,FRED,DTB3,2026-03-03,2026-07-16,2026-07-16,3.6,%,ok,2026-07-16T22:27:46.465555+00:00
2026-07-16T222746Z,C-US,FRED,DTB3,2026-03-04,2026-07-16,2026-07-16,3.6,%,ok,2026-07-16T22:27:46.465555+00:00
2026-07-16T222746Z,C-US,FRED,DTB3,2026-03-05,2026-07-16,2026-07-16,3.59,%,ok,2026-07-16T22:27:46.465555+00:00
2026-07-16T222746Z,C-US,FRED,DTB3,2026-03-06,2026-07-16,2026-07-16,3.58,%,ok,2026-07-16T22:27:46.465555+00:00
2026-07-16T222746Z,C-US,FRED,DTB3,2026-03-09,2026-07-16,2026-07-16,3.61,%,ok,2026-07-16T22:27:46.465555+00:00
2026-07-16T222746Z,C-US,FRED,DTB3,2026-03-10,2026-07-16,2026-07-16,3.6,%,ok,2026-07-16T22:27:46.465555+00:00
2026-07-16T222746Z,C-US,FRED,DTB3,2026-03-11,2026-07-16,2026-07-16,3.61,%,ok,2026-07-16T22:27:46.465555+00:00
2026-07-16T222746Z,C-US,FRED,DTB3,2026-03-12,2026-07-16,2026-07-16,3.61,%,ok,2026-07-16T22:27:46.465555+00:00
2026-07-16T222746Z,C-US,FRED,DTB3,2026-03-13,2026-07-16,2026-07-16,3.61,%,ok,2026-07-16T22:27:46.465555+00:00
2026-07-16T222746Z,C-US,FRED,DTB3,2026-03-16,2026-07-16,2026-07-16,3.61,%,ok,2026-07-16T22:27:46.465555+00:00
2026-07-16T222746Z,C-US,FRED,DTB3,2026-03-17,2026-07-16,2026-07-16,3.61,%,ok,2026-07-16T22:27:46.465555+00:00
2026-07-16T222746Z,C-US,FRED,DTB3,2026-03-18,2026-07-16,2026-07-16,3.62,%,ok,2026-07-16T22:27:46.465555+00:00
2026-07-16T222746Z,C-US,FRED,DTB3,2026-03-19,2026-07-16,2026-07-16,3.62,%,ok,2026-07-16T22:27:46.465555+00:00
2026-07-16T222746Z,C-US,FRED,DTB3,2026-03-20,2026-07-16,2026-07-16,3.63,%,ok,2026-07-16T22:27:46.465555+00:00
2026-07-16T222746Z,C-US,FRED,DTB3,2026-03-23,2026-07-16,2026-07-16,3.63,%,ok,2026-07-16T22:27:46.465555+00:00
2026-07-16T222746Z,C-US,FRED,DTB3,2026-03-24,2026-07-16,2026-07-16,3.63,%,ok,2026-07-16T22:27:46.465555+00:00
2026-07-16T222746Z,C-US,FRED,DTB3,2026-03-25,2026-07-16,2026-07-16,3.63,%,ok,2026-07-16T22:27:46.465555+00:00
2026-07-16T222746Z,C-US,FRED,DTB3,2026-03-26,2026-07-16,2026-07-16,3.63,%,ok,2026-07-16T22:27:46.465555+00:00
2026-07-16T222746Z,C-US,FRED,DTB3,2026-03-27,2026-07-16,2026-07-16,3.62,%,ok,2026-07-16T22:27:46.465555+00:00
2026-07-16T222746Z,C-US,FRED,DTB3,2026-03-30,2026-07-16,2026-07-16,3.62,%,ok,2026-07-16T22:27:46.465555+00:00
2026-07-16T222746Z,C-US,FRED,DTB3,2026-03-31,2026-07-16,2026-07-16,3.61,%,ok,2026-07-16T22:27:46.465555+00:00
2026-07-16T222746Z,C-US,FRED,DTB3,2026-04-01,2026-07-16,2026-07-16,3.61,%,ok,2026-07-16T22:27:46.465555+00:00
2026-07-16T222746Z,C-US,FRED,DTB3,2026-04-02,2026-07-16,2026-07-16,3.61,%,ok,2026-07-16T22:27:46.465555+00:00
2026-07-16T222746Z,C-US,FRED,DTB3,2026-04-03,2026-07-16,2026-07-16,3.62,%,ok,2026-07-16T22:27:46.465555+00:00
2026-07-16T222746Z,C-US,FRED,DTB3,2026-04-06,2026-07-16,2026-07-16,3.64,%,ok,2026-07-16T22:27:46.465555+00:00
2026-07-16T222746Z,C-US,FRED,DTB3,2026-04-07,2026-07-16,2026-07-16,3.62,%,ok,2026-07-16T22:27:46.465555+00:00
2026-07-16T222746Z,C-US,FRED,DTB3,2026-04-08,2026-07-16,2026-07-16,3.61,%,ok,2026-07-16T22:27:46.465555+00:00
2026-07-16T222746Z,C-US,FRED,DTB3,2026-04-09,2026-07-16,2026-07-16,3.6,%,ok,2026-07-16T22:27:46.465555+00:00
2026-07-16T222746Z,C-US,FRED,DTB3,2026-04-10,2026-07-16,2026-07-16,3.6,%,ok,2026-07-16T22:27:46.465555+00:00
2026-07-16T222746Z,C-US,FRED,DTB3,2026-04-13,2026-07-16,2026-07-16,3.62,%,ok,2026-07-16T22:27:46.465555+00:00
2026-07-16T222746Z,C-US,FRED,DTB3,2026-04-14,2026-07-16,2026-07-16,3.62,%,ok,2026-07-16T22:27:46.465555+00:00
2026-07-16T222746Z,C-US,FRED,DTB3,2026-04-15,2026-07-16,2026-07-16,3.62,%,ok,2026-07-16T22:27:46.465555+00:00
2026-07-16T222746Z,C-US,FRED,DTB3,2026-04-16,2026-07-16,2026-07-16,3.62,%,ok,2026-07-16T22:27:46.465555+00:00
2026-07-16T222746Z,C-US,FRED,DTB3,2026-04-17,2026-07-16,2026-07-16,3.61,%,ok,2026-07-16T22:27:46.465555+00:00
2026-07-16T222746Z,C-US,FRED,DTB3,2026-04-20,2026-07-16,2026-07-16,3.62,%,ok,2026-07-16T22:27:46.465555+00:00
2026-07-16T222746Z,C-US,FRED,DTB3,2026-04-21,2026-07-16,2026-07-16,3.6,%,ok,2026-07-16T22:27:46.465555+00:00
2026-07-16T222746Z,C-US,FRED,DTB3,2026-04-22,2026-07-16,2026-07-16,3.6,%,ok,2026-07-16T22:27:46.465555+00:00
2026-07-16T222746Z,C-US,FRED,DTB3,2026-04-23,2026-07-16,2026-07-16,3.6,%,ok,2026-07-16T22:27:46.465555+00:00
2026-07-16T222746Z,C-US,FRED,DTB3,2026-04-24,2026-07-16,2026-07-16,3.6,%,ok,2026-07-16T22:27:46.465555+00:00
2026-07-16T222746Z,C-US,FRED,DTB3,2026-04-27,2026-07-16,2026-07-16,3.6,%,ok,2026-07-16T22:27:46.465555+00:00
2026-07-16T222746Z,C-US,FRED,DTB3,2026-04-28,2026-07-16,2026-07-16,3.6,%,ok,2026-07-16T22:27:46.465555+00:00
2026-07-16T222746Z,C-US,FRED,DTB3,2026-04-29,2026-07-16,2026-07-16,3.6,%,ok,2026-07-16T22:27:46.465555+00:00
2026-07-16T222746Z,C-US,FRED,DTB3,2026-04-30,2026-07-16,2026-07-16,3.59,%,ok,2026-07-16T22:27:46.465555+00:00
2026-07-16T222746Z,C-US,FRED,DTB3,2026-05-01,2026-07-16,2026-07-16,3.59,%,ok,2026-07-16T22:27:46.465555+00:00
2026-07-16T222746Z,C-US,FRED,DTB3,2026-05-04,2026-07-16,2026-07-16,3.61,%,ok,2026-07-16T22:27:46.465555+00:00
2026-07-16T222746Z,C-US,FRED,DTB3,2026-05-05,2026-07-16,2026-07-16,3.61,%,ok,2026-07-16T22:27:46.465555+00:00
2026-07-16T222746Z,C-US,FRED,DTB3,2026-05-06,2026-07-16,2026-07-16,3.61,%,ok,2026-07-16T22:27:46.465555+00:00
2026-07-16T222746Z,C-US,FRED,DTB3,2026-05-07,2026-07-16,2026-07-16,3.61,%,ok,2026-07-16T22:27:46.465555+00:00
2026-07-16T222746Z,C-US,FRED,DTB3,2026-05-08,2026-07-16,2026-07-16,3.6,%,ok,2026-07-16T22:27:46.465555+00:00
2026-07-16T222746Z,C-US,FRED,DTB3,2026-05-11,2026-07-16,2026-07-16,3.61,%,ok,2026-07-16T22:27:46.465555+00:00
2026-07-16T222746Z,C-US,FRED,DTB3,2026-05-12,2026-07-16,2026-07-16,3.61,%,ok,2026-07-16T22:27:46.465555+00:00
2026-07-16T222746Z,C-US,FRED,DTB3,2026-05-13,2026-07-16,2026-07-16,3.61,%,ok,2026-07-16T22:27:46.465555+00:00
2026-07-16T222746Z,C-US,FRED,DTB3,2026-05-14,2026-07-16,2026-07-16,3.6,%,ok,2026-07-16T22:27:46.465555+00:00
2026-07-16T222746Z,C-US,FRED,DTB3,2026-05-15,2026-07-16,2026-07-16,3.6,%,ok,2026-07-16T22:27:46.465555+00:00
2026-07-16T222746Z,C-US,FRED,DTB3,2026-05-18,2026-07-16,2026-07-16,3.6,%,ok,2026-07-16T22:27:46.465555+00:00
2026-07-16T222746Z,C-US,FRED,DTB3,2026-05-19,2026-07-16,2026-07-16,3.59,%,ok,2026-07-16T22:27:46.465555+00:00
2026-07-16T222746Z,C-US,FRED,DTB3,2026-05-20,2026-07-16,2026-07-16,3.57,%,ok,2026-07-16T22:27:46.465555+00:00
2026-07-16T222746Z,C-US,FRED,DTB3,2026-05-21,2026-07-16,2026-07-16,3.59,%,ok,2026-07-16T22:27:46.465555+00:00
2026-07-16T222746Z,C-US,FRED,DTB3,2026-05-22,2026-07-16,2026-07-16,3.59,%,ok,2026-07-16T22:27:46.465555+00:00
2026-07-16T222746Z,C-US,FRED,DTB3,2026-05-25,2026-07-16,2026-07-16,,%,missing_at_source,2026-07-16T22:27:46.465555+00:00
2026-07-16T222746Z,C-US,FRED,DTB3,2026-05-26,2026-07-16,2026-07-16,3.6,%,ok,2026-07-16T22:27:46.465555+00:00
2026-07-16T222746Z,C-US,FRED,DTB3,2026-05-27,2026-07-16,2026-07-16,3.59,%,ok,2026-07-16T22:27:46.465555+00:00
2026-07-16T222746Z,C-US,FRED,DTB3,2026-05-28,2026-07-16,2026-07-16,3.6,%,ok,2026-07-16T22:27:46.465555+00:00
2026-07-16T222746Z,C-US,FRED,DTB3,2026-05-29,2026-07-16,2026-07-16,3.6,%,ok,2026-07-16T22:27:46.465555+00:00
2026-07-16T222746Z,C-US,FRED,DTB3,2026-06-01,2026-07-16,2026-07-16,3.63,%,ok,2026-07-16T22:27:46.465555+00:00
2026-07-16T222746Z,C-US,FRED,DTB3,2026-06-02,2026-07-16,2026-07-16,3.63,%,ok,2026-07-16T22:27:46.465555+00:00
2026-07-16T222746Z,C-US,FRED,DTB3,2026-06-03,2026-07-16,2026-07-16,3.63,%,ok,2026-07-16T22:27:46.465555+00:00
2026-07-16T222746Z,C-US,FRED,DTB3,2026-06-04,2026-07-16,2026-07-16,3.63,%,ok,2026-07-16T22:27:46.465555+00:00
2026-07-16T222746Z,C-US,FRED,DTB3,2026-06-05,2026-07-16,2026-07-16,3.63,%,ok,2026-07-16T22:27:46.465555+00:00
2026-07-16T222746Z,C-US,FRED,DTB3,2026-06-08,2026-07-16,2026-07-16,3.65,%,ok,2026-07-16T22:27:46.465555+00:00
2026-07-16T222746Z,C-US,FRED,DTB3,2026-06-09,2026-07-16,2026-07-16,3.64,%,ok,2026-07-16T22:27:46.465555+00:00
2026-07-16T222746Z,C-US,FRED,DTB3,2026-06-10,2026-07-16,2026-07-16,3.64,%,ok,2026-07-16T22:27:46.465555+00:00
2026-07-16T222746Z,C-US,FRED,DTB3,2026-06-11,2026-07-16,2026-07-16,3.63,%,ok,2026-07-16T22:27:46.465555+00:00
2026-07-16T222746Z,C-US,FRED,DTB3,2026-06-12,2026-07-16,2026-07-16,3.63,%,ok,2026-07-16T22:27:46.465555+00:00
2026-07-16T222746Z,C-US,FRED,DTB3,2026-06-15,2026-07-16,2026-07-16,3.64,%,ok,2026-07-16T22:27:46.465555+00:00
2026-07-16T222746Z,C-US,FRED,DTB3,2026-06-16,2026-07-16,2026-07-16,3.64,%,ok,2026-07-16T22:27:46.465555+00:00
2026-07-16T222746Z,C-US,FRED,DTB3,2026-06-17,2026-07-16,2026-07-16,3.68,%,ok,2026-07-16T22:27:46.465555+00:00
2026-07-16T222746Z,C-US,FRED,DTB3,2026-06-18,2026-07-16,2026-07-16,3.67,%,ok,2026-07-16T22:27:46.465555+00:00
2026-07-16T222746Z,C-US,FRED,DTB3,2026-06-19,2026-07-16,2026-07-16,,%,missing_at_source,2026-07-16T22:27:46.465555+00:00
2026-07-16T222746Z,C-US,FRED,DTB3,2026-06-22,2026-07-16,2026-07-16,3.7,%,ok,2026-07-16T22:27:46.465555+00:00
2026-07-16T222746Z,C-US,FRED,DTB3,2026-06-23,2026-07-16,2026-07-16,3.7,%,ok,2026-07-16T22:27:46.465555+00:00
2026-07-16T222746Z,C-US,FRED,DTB3,2026-06-24,2026-07-16,2026-07-16,3.7,%,ok,2026-07-16T22:27:46.465555+00:00
2026-07-16T222746Z,C-US,FRED,DTB3,2026-06-25,2026-07-16,2026-07-16,3.69,%,ok,2026-07-16T22:27:46.465555+00:00
2026-07-16T222746Z,C-US,FRED,DTB3,2026-06-26,2026-07-16,2026-07-16,3.67,%,ok,2026-07-16T22:27:46.465555+00:00
2026-07-16T222746Z,C-US,FRED,DTB3,2026-06-29,2026-07-16,2026-07-16,3.74,%,ok,2026-07-16T22:27:46.465555+00:00
2026-07-16T222746Z,C-US,FRED,DTB3,2026-06-30,2026-07-16,2026-07-16,3.74,%,ok,2026-07-16T22:27:46.465555+00:00
2026-07-16T222746Z,C-US,FRED,DTB3,2026-07-01,2026-07-16,2026-07-16,3.71,%,ok,2026-07-16T22:27:46.465555+00:00
2026-07-16T222746Z,C-US,FRED,DTB3,2026-07-02,2026-07-16,2026-07-16,3.68,%,ok,2026-07-16T22:27:46.465555+00:00
2026-07-16T222746Z,C-US,FRED,DTB3,2026-07-03,2026-07-16,2026-07-16,,%,missing_at_source,2026-07-16T22:27:46.465555+00:00
2026-07-16T222746Z,C-US,FRED,DTB3,2026-07-06,2026-07-16,2026-07-16,3.74,%,ok,2026-07-16T22:27:46.465555+00:00
2026-07-16T222746Z,C-US,FRED,DTB3,2026-07-07,2026-07-16,2026-07-16,3.73,%,ok,2026-07-16T22:27:46.465555+00:00
2026-07-16T222746Z,C-US,FRED,DTB3,2026-07-08,2026-07-16,2026-07-16,3.73,%,ok,2026-07-16T22:27:46.465555+00:00
2026-07-16T222746Z,C-US,FRED,DTB3,2026-07-09,2026-07-16,2026-07-16,3.69,%,ok,2026-07-16T22:27:46.465555+00:00
2026-07-16T222746Z,C-US,FRED,DTB3,2026-07-10,2026-07-16,2026-07-16,3.71,%,ok,2026-07-16T22:27:46.465555+00:00
2026-07-16T222746Z,C-US,FRED,DTB3,2026-07-13,2026-07-16,2026-07-16,3.76,%,ok,2026-07-16T22:27:46.465555+00:00
2026-07-16T222746Z,C-US,FRED,DTB3,2026-07-14,2026-07-16,2026-07-16,3.71,%,ok,2026-07-16T22:27:46.465555+00:00
2026-07-16T222746Z,C-US,FRED,DTB3,2026-07-15,2026-07-16,2026-07-16,3.7,%,ok,2026-07-16T22:27:46.465555+00:00
2026-07-16T222746Z,C-US,FRED,TOTBKCR,2025-09-24,2026-07-16,2026-07-16,18758.2098,Bil. of U.S. $,ok,2026-07-16T22:27:46.892205+00:00
2026-07-16T222746Z,C-US,FRED,TOTBKCR,2025-10-01,2026-07-16,2026-07-16,18782.2875,Bil. of U.S. $,ok,2026-07-16T22:27:46.892205+00:00
2026-07-16T222746Z,C-US,FRED,TOTBKCR,2025-10-08,2026-07-16,2026-07-16,18790.7228,Bil. of U.S. $,ok,2026-07-16T22:27:46.892205+00:00
2026-07-16T222746Z,C-US,FRED,TOTBKCR,2025-10-15,2026-07-16,2026-07-16,18825.805,Bil. of U.S. $,ok,2026-07-16T22:27:46.892205+00:00
2026-07-16T222746Z,C-US,FRED,TOTBKCR,2025-10-22,2026-07-16,2026-07-16,18850.2802,Bil. of U.S. $,ok,2026-07-16T22:27:46.892205+00:00
2026-07-16T222746Z,C-US,FRED,TOTBKCR,2025-10-29,2026-07-16,2026-07-16,18839.5528,Bil. of U.S. $,ok,2026-07-16T22:27:46.892205+00:00
2026-07-16T222746Z,C-US,FRED,TOTBKCR,2025-11-05,2026-07-16,2026-07-16,18867.5677,Bil. of U.S. $,ok,2026-07-16T22:27:46.892205+00:00
2026-07-16T222746Z,C-US,FRED,TOTBKCR,2025-11-12,2026-07-16,2026-07-16,18896.3289,Bil. of U.S. $,ok,2026-07-16T22:27:46.892205+00:00
2026-07-16T222746Z,C-US,FRED,TOTBKCR,2025-11-19,2026-07-16,2026-07-16,18922.6195,Bil. of U.S. $,ok,2026-07-16T22:27:46.892205+00:00
2026-07-16T222746Z,C-US,FRED,TOTBKCR,2025-11-26,2026-07-16,2026-07-16,18937.5671,Bil. of U.S. $,ok,2026-07-16T22:27:46.892205+00:00
2026-07-16T222746Z,C-US,FRED,TOTBKCR,2025-12-03,2026-07-16,2026-07-16,18910.5396,Bil. of U.S. $,ok,2026-07-16T22:27:46.892205+00:00
2026-07-16T222746Z,C-US,FRED,TOTBKCR,2025-12-10,2026-07-16,2026-07-16,18927.9173,Bil. of U.S. $,ok,2026-07-16T22:27:46.892205+00:00
2026-07-16T222746Z,C-US,FRED,TOTBKCR,2025-12-17,2026-07-16,2026-07-16,18943.6448,Bil. of U.S. $,ok,2026-07-16T22:27:46.892205+00:00
2026-07-16T222746Z,C-US,FRED,TOTBKCR,2025-12-24,2026-07-16,2026-07-16,18968.8631,Bil. of U.S. $,ok,2026-07-16T22:27:46.892205+00:00
2026-07-16T222746Z,C-US,FRED,TOTBKCR,2025-12-31,2026-07-16,2026-07-16,18963.9392,Bil. of U.S. $,ok,2026-07-16T22:27:46.892205+00:00
2026-07-16T222746Z,C-US,FRED,TOTBKCR,2026-01-07,2026-07-16,2026-07-16,19021.2756,Bil. of U.S. $,ok,2026-07-16T22:27:46.892205+00:00
2026-07-16T222746Z,C-US,FRED,TOTBKCR,2026-01-14,2026-07-16,2026-07-16,19069.8281,Bil. of U.S. $,ok,2026-07-16T22:27:46.892205+00:00
2026-07-16T222746Z,C-US,FRED,TOTBKCR,2026-01-21,2026-07-16,2026-07-16,19129.9479,Bil. of U.S. $,ok,2026-07-16T22:27:46.892205+00:00
2026-07-16T222746Z,C-US,FRED,TOTBKCR,2026-01-28,2026-07-16,2026-07-16,19144.9932,Bil. of U.S. $,ok,2026-07-16T22:27:46.892205+00:00
2026-07-16T222746Z,C-US,FRED,TOTBKCR,2026-02-04,2026-07-16,2026-07-16,19184.4415,Bil. of U.S. $,ok,2026-07-16T22:27:46.892205+00:00
2026-07-16T222746Z,C-US,FRED,TOTBKCR,2026-02-11,2026-07-16,2026-07-16,19240.8893,Bil. of U.S. $,ok,2026-07-16T22:27:46.892205+00:00
2026-07-16T222746Z,C-US,FRED,TOTBKCR,2026-02-18,2026-07-16,2026-07-16,19265.798,Bil. of U.S. $,ok,2026-07-16T22:27:46.892205+00:00
2026-07-16T222746Z,C-US,FRED,TOTBKCR,2026-02-25,2026-07-16,2026-07-16,19269.6435,Bil. of U.S. $,ok,2026-07-16T22:27:46.892205+00:00
2026-07-16T222746Z,C-US,FRED,TOTBKCR,2026-03-04,2026-07-16,2026-07-16,19309.7665,Bil. of U.S. $,ok,2026-07-16T22:27:46.892205+00:00
2026-07-16T222746Z,C-US,FRED,TOTBKCR,2026-03-11,2026-07-16,2026-07-16,19343.613,Bil. of U.S. $,ok,2026-07-16T22:27:46.892205+00:00
2026-07-16T222746Z,C-US,FRED,TOTBKCR,2026-03-18,2026-07-16,2026-07-16,19355.0741,Bil. of U.S. $,ok,2026-07-16T22:27:46.892205+00:00
2026-07-16T222746Z,C-US,FRED,TOTBKCR,2026-03-25,2026-07-16,2026-07-16,19382.1562,Bil. of U.S. $,ok,2026-07-16T22:27:46.892205+00:00
2026-07-16T222746Z,C-US,FRED,TOTBKCR,2026-04-01,2026-07-16,2026-07-16,19419.0414,Bil. of U.S. $,ok,2026-07-16T22:27:46.892205+00:00
2026-07-16T222746Z,C-US,FRED,TOTBKCR,2026-04-08,2026-07-16,2026-07-16,19447.0208,Bil. of U.S. $,ok,2026-07-16T22:27:46.892205+00:00
2026-07-16T222746Z,C-US,FRED,TOTBKCR,2026-04-15,2026-07-16,2026-07-16,19464.2794,Bil. of U.S. $,ok,2026-07-16T22:27:46.892205+00:00
2026-07-16T222746Z,C-US,FRED,TOTBKCR,2026-04-22,2026-07-16,2026-07-16,19456.2846,Bil. of U.S. $,ok,2026-07-16T22:27:46.892205+00:00
2026-07-16T222746Z,C-US,FRED,TOTBKCR,2026-04-29,2026-07-16,2026-07-16,19462.6403,Bil. of U.S. $,ok,2026-07-16T22:27:46.892205+00:00
2026-07-16T222746Z,C-US,FRED,TOTBKCR,2026-05-06,2026-07-16,2026-07-16,19495.6543,Bil. of U.S. $,ok,2026-07-16T22:27:46.892205+00:00
2026-07-16T222746Z,C-US,FRED,TOTBKCR,2026-05-13,2026-07-16,2026-07-16,19531.6948,Bil. of U.S. $,ok,2026-07-16T22:27:46.892205+00:00
2026-07-16T222746Z,C-US,FRED,TOTBKCR,2026-05-20,2026-07-16,2026-07-16,19561.6355,Bil. of U.S. $,ok,2026-07-16T22:27:46.892205+00:00
2026-07-16T222746Z,C-US,FRED,TOTBKCR,2026-05-27,2026-07-16,2026-07-16,19578.9758,Bil. of U.S. $,ok,2026-07-16T22:27:46.892205+00:00
2026-07-16T222746Z,C-US,FRED,TOTBKCR,2026-06-03,2026-07-16,2026-07-16,19568.0642,Bil. of U.S. $,ok,2026-07-16T22:27:46.892205+00:00
2026-07-16T222746Z,C-US,FRED,TOTBKCR,2026-06-10,2026-07-16,2026-07-16,19622.2748,Bil. of U.S. $,ok,2026-07-16T22:27:46.892205+00:00
2026-07-16T222746Z,C-US,FRED,TOTBKCR,2026-06-17,2026-07-16,2026-07-16,19626.0233,Bil. of U.S. $,ok,2026-07-16T22:27:46.892205+00:00
2026-07-16T222746Z,C-US,FRED,TOTBKCR,2026-06-24,2026-07-16,2026-07-16,19651.4088,Bil. of U.S. $,ok,2026-07-16T22:27:46.892205+00:00
2026-07-16T222746Z,C-US,FRED,TOTBKCR,2026-07-01,2026-07-16,2026-07-16,19615.1025,Bil. of U.S. $,ok,2026-07-16T22:27:46.892205+00:00
